ObjectID,IncidentID,County,RdwyNumber,Street,RoadwayName,StreetSfx,Latitude,Longitude,Milepoint,CollisionDate,CollisionTime,UnitsInvolved,MotorVehiclesInvolved,NumberKilled,NumberInjured,Weather,RdwyConditionCode,HitandRun,DirAnalysisCode,MannerofCollision,RdwyCharacter,LightCondition,CollisionYear,Before/After Construction
1,30411426,HARDIN,US0031W,,DIXIE,AVE,37.71792487,-85.87895514,18.725,8/6/2022,1332,2,2,0,0,CLEAR,DRY,0,ANGLE COLLISION - OTHER,ANGLE,STRAIGHT & LEVEL,DAYLIGHT,2022,Before
2,30612855,HARDIN,US0031W,,DIXIE,AVE,37.70804913,-85.87338022,17.963,8/5/2022,1116,2,2,0,0,RAINING,WET,0,1 VEHICLE ENTERING/LEAVING ENTRANCE,ANGLE,STRAIGHT & LEVEL,DAYLIGHT,2022,Before
3,30476473,HARDIN,US0031W,,DIXIE,AVE,37.71934405,-85.87957362,18.817,8/2/2022,0737,2,2,0,0,CLEAR,DRY,0,OTHER INTERSECTION COLLISIONS,REAR END,STRAIGHT & LEVEL,DAYLIGHT,2022,Before
7,30476448,HARDIN,US0031W,,DIXIE,AVE,37.71593734,-85.87784462,18.57,7/8/2022,1258,2,2,0,0,CLOUDY,DRY,1,SIDESWIPE COLLISION - SAME DIRECTION,SIDESWIPE-SAME DIRECTION,STRAIGHT & LEVEL,DAYLIGHT,2022,Before
8,30279085,HARDIN,US0031W,,DIXIE,AVE,37.71787993,-85.87911397,18.721,7/6/2022,1116,2,2,0,1,CLEAR,DRY,0,ANGLE COLLISION - OTHER,ANGLE,STRAIGHT & LEVEL,DAYLIGHT,2022,Before
9,30612810,HARDIN,US0031W,,DIXIE,AVE,37.71254655,-85.87647554,18.322,7/6/2022,0035,1,1,0,0,CLEAR,DRY,0,COLLISION WITH NON-FIXED OBJECT ,SINGLE VEHICLE,STRAIGHT & LEVEL,DARK-HWY LIGHTED/ON,2022,Before
10,30612807,HARDIN,US0031W,,DIXIE,AVE,37.71277737,-85.87650938,18.334,7/5/2022,0938,2,2,0,0,CLEAR,DRY,0,ANGLE COLLISION - OTHER,ANGLE,STRAIGHT & LEVEL,DAYLIGHT,2022,Before
11,30279073,HARDIN,US0031W,,DIXIE,AVE,37.71354322,-85.87696559,18.396,7/2/2022,2134,2,2,0,1,CLEAR,DRY,0,ANGLE COLLISION - OTHER,ANGLE,STRAIGHT & LEVEL,DARK-HWY LIGHTED/ON,2022,Before
13,30273519,HARDIN,US0031W,,DIXIE,AVE,37.71848051,-85.87916271,18.759,7/1/2022,0907,2,2,0,1,CLEAR,DRY,0,REAR END IN TRAFFIC LANES BOTH VEHICLES MOVING,REAR END,STRAIGHT & LEVEL,DAYLIGHT,2022,Before
14,30279079,HARDIN,US0031W,,DIXIE,AVE,37.71647595,-85.87812085,18.61,6/29/2022,1106,2,2,0,0,CLEAR,DRY,0,SIDESWIPE COLLISION - SAME DIRECTION,SIDESWIPE-SAME DIRECTION,STRAIGHT & LEVEL,DAYLIGHT,2022,Before
15,30279058,HARDIN,US0031W,,DIXIE,AVE,37.71794898,-85.87886359,18.721,6/29/2022,1342,2,2,0,0,CLEAR,DRY,0,ANGLE COLLISION - OTHER,ANGLE,STRAIGHT & LEVEL,DAYLIGHT,2022,Before
16,30375903,HARDIN,US0031W,,DIXIE,AVE,37.71031041,-85.8750068,18.149,6/27/2022,0931,2,1,0,1,CLEAR,DRY,0,1 VEHICLE ENTERING/LEAVING ENTRANCE,ANGLE,STRAIGHT & LEVEL,DAYLIGHT,2022,Before
17,30279038,HARDIN,US0031W,,DIXIE,AVE,37.71673626,-85.87827433,18.63,6/21/2022,1514,2,2,0,0,CLEAR,DRY,0,1 VEHICLE ENTERING/LEAVING ENTRANCE,ANGLE,STRAIGHT & LEVEL,DAYLIGHT,2022,Before
18,30279027,HARDIN,US0031W,,DIXIE,AVE,37.70516578,-85.87196388,17.739,6/20/2022,1513,2,2,0,0,CLEAR,DRY,0,REAR END IN TRAFFIC LANES BOTH VEHICLES MOVING,REAR END,STRAIGHT & LEVEL,DAYLIGHT,2022,Before
19,30223754,HARDIN,US0031W,,DIXIE,AVE,37.7051654,-85.87195558,17.739,6/19/2022,1755,2,2,0,0,CLEAR,DRY,0,SIDESWIPE COLLISION - SAME DIRECTION,SIDESWIPE-SAME DIRECTION,STRAIGHT & LEVEL,DAYLIGHT,2022,Before
20,30279017,HARDIN,US0031W,,DIXIE,AVE,37.71022669,-85.87493795,18.142,6/10/2022,1432,2,2,0,1,RAINING,WET,0,1 VEHICLE ENTERING/LEAVING ENTRANCE,ANGLE,STRAIGHT & LEVEL,DAYLIGHT,2022,Before
21,30273506,HARDIN,US0031W,,DIXIE,AVE,37.70883359,-85.87429855,18.04,6/3/2022,1840,1,1,0,2,CLEAR,DRY,0,OTHER ROADWAY OR MID-BLOCK COLLISION,SINGLE VEHICLE,STRAIGHT & LEVEL,DAYLIGHT,2022,Before
22,33173673,HARDIN,US0031W,,DIXIE,AVE,37.70426222,-85.87122201,17.678,5/31/2022,1640,2,2,0,0,CLEAR,DRY,0,OTHER INTERSECTION COLLISIONS,REAR END,STRAIGHT & LEVEL,DAYLIGHT,2022,Before
23,30273466,HARDIN,US0031W,,DIXIE,AVE,37.71088532,-85.87562453,18.198,5/27/2022,1118,2,2,0,0,CLEAR,DRY,0,1 VEHICLE ENTERING/LEAVING ENTRANCE,ANGLE,STRAIGHT & LEVEL,DAYLIGHT,2022,Before
24,30163743,HARDIN,US0031W,,DIXIE,AVE,37.70905462,-85.87450166,18.059,5/23/2022,1024,2,2,0,0,CLOUDY,DRY,0,1 VEHICLE ENTERING/LEAVING ENTRANCE,ANGLE,STRAIGHT & LEVEL,DAYLIGHT,2022,Before
27,30004564,HARDIN,US0031W,,DIXIE,AVE,37.71783231,-85.87910184,18.733,4/16/2022,1402,2,2,0,0,CLEAR,DRY,0,SIDESWIPE COLLISION - SAME DIRECTION,SIDESWIPE-SAME DIRECTION,STRAIGHT & LEVEL,DAYLIGHT,2022,Before
28,29948025,HARDIN,US0031W,,DIXIE,AVE,37.7088268,-85.87400559,18.032,4/10/2022,1323,2,2,0,0,CLEAR,DRY,0,ANGLE COLLISION - ONE VEHICLE TURNING LEFT,ANGLE,STRAIGHT & LEVEL,DAYLIGHT,2022,Before
30,30004544,HARDIN,US0031W,,DIXIE,AVE,37.7179179,-85.87888554,18.723,4/7/2022,1857,2,1,0,1,CLEAR,DRY,0,COLLISION WITH PEDESTRIAN IN INTERSECTION,SINGLE VEHICLE,STRAIGHT & LEVEL,DAYLIGHT,2022,Before
32,29949943,HARDIN,US0031W,,DIXIE,AVE,37.7186603,-85.87950733,18.782,3/9/2022,0404,2,2,0,0,RAINING,WET,0,SIDESWIPE COLLISION - SAME DIRECTION,SIDESWIPE-SAME DIRECTION,STRAIGHT & LEVEL,DARK-HWY LIGHTED/ON,2022,Before
33,29786850,HARDIN,US0031W,,DIXIE,AVE,37.71797163,-85.87887419,18.723,3/5/2022,1329,1,1,0,0,SEVERE CROSSWINDS,DRY,0,OTHER INTERSECTION COLLISIONS,SINGLE VEHICLE,STRAIGHT & LEVEL,DAYLIGHT,2022,Before
35,29813579,HARDIN,US0031W,,DIXIE,AVE,37.70896463,-85.87438518,18.05,3/3/2022,1515,2,2,0,0,CLEAR,DRY,1,REAR END IN TRAFFIC LANES BOTH VEHICLES MOVING,REAR END,STRAIGHT & LEVEL,DAYLIGHT,2022,Before
36,29762695,HARDIN,US0031W,,DIXIE,AVE,37.70874638,-85.87422252,18.033,2/25/2022,2037,2,2,0,0,CLOUDY,DRY,1,SIDESWIPE-SAME DIRECTION,SIDESWIPE-SAME DIRECTION,STRAIGHT & LEVEL,DARK-HWY LIGHTED/ON,2022,Before
37,29724227,HARDIN,US0031W,,DIXIE,AVE,37.71903884,-85.8793806,18.797,2/19/2022,1806,2,2,0,0,CLEAR,DRY,0,REAR END IN TRAFFIC LANES BOTH VEHICLES MOVING,REAR END,STRAIGHT & LEVEL,DAYLIGHT,2022,Before
38,29805961,HARDIN,US0031W,,DIXIE,AVE,37.70882979,-85.87402981,18.031,2/18/2022,0814,2,2,0,0,CLEAR,DRY,0,ANGLE COLLISION - OTHER,ANGLE,STRAIGHT & LEVEL,DAYLIGHT,2022,Before
39,29671199,HARDIN,US0031W,,DIXIE,AVE,37.71013575,-85.87519795,18.142,2/7/2022,1122,2,2,0,0,CLEAR,DRY,0,1 VEHICLE ENTERING/LEAVING ENTRANCE,ANGLE,STRAIGHT & LEVEL,DAYLIGHT,2022,Before
40,29642458,HARDIN,US0031W,,DIXIE,AVE,37.70993719,-85.87507454,18.127,1/28/2022,1217,2,2,0,0,CLOUDY,DRY,0,1 VEHICLE ENTERING/LEAVING ENTRANCE,ANGLE,STRAIGHT & LEVEL,DAYLIGHT,2022,Before
41,29585361,HARDIN,US0031W,,DIXIE,AVE,37.71811552,-85.87894377,18.733,1/13/2022,1931,2,2,0,0,CLEAR,DRY,0,SIDESWIPE COLLISION - SAME DIRECTION,SIDESWIPE-SAME DIRECTION,STRAIGHT & LEVEL,DARK-HWY LIGHTED/ON,2022,Before
42,29516544,HARDIN,US0031W,,DIXIE,AVE,37.70433765,-85.87133376,17.685,12/29/2021,1613,2,2,0,0,CLEAR,DRY,0,OTHER INTERSECTION COLLISIONS,REAR END,STRAIGHT & LEVEL,DAYLIGHT,2021,Before
43,29525033,HARDIN,US0031W,,DIXIE,AVE,37.70881968,-85.87397954,18.03,12/20/2021,1030,2,2,0,0,CLEAR,DRY,0,SIDESWIPE COLLISION - SAME DIRECTION,SIDESWIPE-SAME DIRECTION,STRAIGHT & LEVEL,DAYLIGHT,2021,Before
44,29478828,HARDIN,US0031W,,DIXIE,AVE,37.7130845,-85.87673001,18.362,12/16/2021,1410,2,2,0,0,CLOUDY,WET,0,REAR END IN TRAFFIC LANES BOTH VEHICLES MOVING,REAR END,STRAIGHT & LEVEL,DAYLIGHT,2021,Before
45,29389506,HARDIN,US0031W,,DIXIE,AVE,37.71038625,-85.8750648,18.155,12/4/2021,1027,2,2,0,0,CLEAR,DRY,0,1 VEHICLE ENTERING/LEAVING ENTRANCE,ANGLE,STRAIGHT & LEVEL,DAYLIGHT,2021,Before
46,29384354,HARDIN,US0031W,,DIXIE,AVE,37.71011546,-85.87520186,18.141,11/30/2021,1910,2,2,0,0,CLEAR,DRY,0,OTHER ROADWAY OR MID-BLOCK COLLISION,REAR TO REAR,STRAIGHT & LEVEL,DARK-HWY LIGHTED/ON,2021,Before
47,29348798,HARDIN,US0031W,,DIXIE,AVE,37.71866175,-85.87951761,18.782,11/23/2021,2251,2,2,0,0,CLEAR,DRY,0,OTHER INTERSECTION COLLISIONS,REAR END,STRAIGHT & LEVEL,DARK-HWY LIGHTED/ON,2021,Before
48,29333590,HARDIN,US0031W,,DIXIE,AVE,37.71793761,-85.8788589,18.722,11/19/2021,1618,2,2,0,0,CLEAR,DRY,0,ANGLE COLLISION - ONE VEHICLE TURNING LEFT,ANGLE,STRAIGHT & LEVEL,DAYLIGHT,2021,Before
50,29176373,HARDIN,US0031W,,DIXIE,AVE,37.71651389,-85.87815083,18.613,10/27/2021,1607,2,2,0,0,CLEAR,DRY,0,SIDESWIPE COLLISION - SAME DIRECTION,SIDESWIPE-SAME DIRECTION,STRAIGHT & LEVEL,DAYLIGHT,2021,Before
51,29133654,HARDIN,US0031W,,DIXIE,AVE,37.70427071,-85.87124828,17.679,10/26/2021,1524,1,1,0,1,CLEAR,DRY,0,OTHER ROADWAY OR MID-BLOCK COLLISION,SINGLE VEHICLE,STRAIGHT & LEVEL,DAYLIGHT,2021,Before
52,29303586,HARDIN,US0031W,,DIXIE,AVE,37.70912137,-85.87421653,18.058,10/20/2021,1138,2,2,0,0,CLEAR,DRY,0,1 VEHICLE ENTERING/LEAVING ENTRANCE,ANGLE,STRAIGHT & LEVEL,DAYLIGHT,2021,Before
53,29133764,HARDIN,US0031W,,DIXIE,AVE,37.70913447,-85.8745206,18.064,10/19/2021,1626,2,2,0,0,CLEAR,DRY,0,1 VEHICLE ENTERING/LEAVING ENTRANCE,ANGLE,STRAIGHT & LEVEL,DAYLIGHT,2021,Before
54,29133754,HARDIN,US0031W,,DIXIE,AVE,37.71915493,-85.87976506,18.817,10/15/2021,1512,2,2,0,0,CLEAR,DRY,0,ANGLE COLLISION - ONE VEHICLE TURNING LEFT,ANGLE,STRAIGHT & LEVEL,DAYLIGHT,2021,Before
55,28697179,HARDIN,US0031W,,DIXIE,AVE,37.71790751,-85.87911799,18.719,9/23/2021,1127,2,2,0,1,CLEAR,DRY,0,ANGLE COLLISION - OTHER,ANGLE,STRAIGHT & LEVEL,DAYLIGHT,2021,Before
56,28697177,HARDIN,US0031W,,DIXIE,AVE,37.71840522,-85.87909507,18.753,9/23/2021,1129,2,2,0,0,CLEAR,DRY,0,SIDESWIPE COLLISION - SAME DIRECTION,SIDESWIPE-SAME DIRECTION,STRAIGHT & LEVEL,DAYLIGHT,2021,Before
57,28697170,HARDIN,US0031W,,DIXIE,AVE,37.71552111,-85.8776025,18.538,9/20/2021,1511,2,2,0,0,CLOUDY,WET,0,OTHER ROADWAY OR MID-BLOCK COLLISION,REAR END,STRAIGHT & LEVEL,DAYLIGHT,2021,Before
58,28697157,HARDIN,US0031W,,DIXIE,AVE,37.71793595,-85.87891036,18.723,9/20/2021,1448,2,2,0,0,CLOUDY,WET,0,ANGLE COLLISION - OTHER,ANGLE,STRAIGHT & LEVEL,DAYLIGHT,2021,Before
59,28644459,HARDIN,US0031W,,DIXIE,AVE,37.71787367,-85.87912201,18.72,9/9/2021,1359,2,2,0,0,CLEAR,DRY,0,OPPOSING LEFT TURN,OPPOSING LEFT TURN,STRAIGHT & LEVEL,DAYLIGHT,2021,Before
60,28644422,HARDIN,US0031W,,DIXIE,AVE,37.7179196,-85.8789653,18.726,9/4/2021,1251,2,2,0,0,CLEAR,DRY,0,ANGLE COLLISION - OTHER,ANGLE,STRAIGHT & LEVEL,DAYLIGHT,2021,Before
62,28539206,HARDIN,US0031W,,DIXIE,AVE,37.71933493,-85.87955822,18.818,8/16/2021,1625,2,2,0,0,CLOUDY,DRY,0,ANGLE COLLISION - ONE VEHICLE TURNING LEFT,ANGLE,STRAIGHT & LEVEL,DAYLIGHT,2021,Before
64,28585039,HARDIN,US0031W,913,DIXIE,AVE,37.70933476,-85.87468896,18.08,8/13/2021,1840,2,2,0,0,CLEAR,DRY,0,SIDESWIPE COLLISION - SAME DIRECTION,SIDESWIPE-SAME DIRECTION,STRAIGHT & LEVEL,DAYLIGHT,2021,Before
66,28637048,HARDIN,US0031W,,DIXIE,AVE,37.70424597,-85.87121032,17.677,8/5/2021,1651,2,2,0,0,CLOUDY,DRY,0,ANGLE COLLISION - OTHER,ANGLE,STRAIGHT & LEVEL,DAYLIGHT,2021,Before
68,28446816,HARDIN,US0031W,,DIXIE,AVE,37.70424122,-85.87125236,17.679,7/26/2021,2006,3,3,0,0,CLEAR,DRY,0,ANGLE COLLISION - OTHER,ANGLE,STRAIGHT & LEVEL,DAYLIGHT,2021,Before
69,28405444,HARDIN,US0031W,,DIXIE,AVE,37.71281147,-85.87662429,18.334,7/23/2021,1820,2,2,0,0,CLEAR,DRY,1,SIDESWIPE-SAME DIRECTION,SIDESWIPE-SAME DIRECTION,STRAIGHT & LEVEL,DAYLIGHT,2021,Before
71,28446821,HARDIN,US0031W,,DIXIE,AVE,37.70804827,-85.8737643,17.967,7/20/2021,0834,2,2,0,0,CLEAR,DRY,0,REAR END IN TRAFFIC LANES BOTH VEHICLES MOVING,REAR END,STRAIGHT & LEVEL,DAYLIGHT,2021,Before
73,28355271,HARDIN,US0031W,,DIXIE,AVE,37.71038222,-85.87531642,18.16,7/8/2021,1739,2,2,0,0,CLEAR,DRY,0,REAR END IN TRAFFIC LANES BOTH VEHICLES MOVING,REAR END,STRAIGHT & LEVEL,DAYLIGHT,2021,Before
75,28355262,HARDIN,US0031W,,DIXIE,AVE,37.70882642,-85.87400064,18.032,7/1/2021,2216,2,1,0,0,CLOUDY,DRY,0,COLLISION WITH PEDESTRIAN IN INTERSECTION,SINGLE VEHICLE,STRAIGHT & LEVEL,DARK-HWY LIGHTED/ON,2021,Before
77,28380941,HARDIN,US0031W,,DIXIE,AVE,37.70865392,-85.87400321,18.019,6/19/2021,1411,2,2,0,0,CLOUDY,DRY,0,ANGLE COLLISION - OTHER,ANGLE,STRAIGHT & LEVEL,DAYLIGHT,2021,Before
81,28301817,HARDIN,US0031W,,DIXIE,AVE,37.70889313,-85.8743175,18.044,5/20/2021,1810,2,2,0,0,CLEAR,DRY,0,OTHER ROADWAY OR MID-BLOCK COLLISION,REAR END,STRAIGHT & LEVEL,DAYLIGHT,2021,Before
82,28301971,HARDIN,US0031W,,DIXIE,AVE,37.71317059,-85.87673691,18.368,5/19/2021,1150,2,2,0,0,CLOUDY,DRY,0,1 VEHICLE ENTERING/LEAVING ENTRANCE,ANGLE,STRAIGHT & LEVEL,DAYLIGHT,2021,Before
84,28302039,HARDIN,US0031W,,DIXIE,AVE,37.71535063,-85.87756962,18.526,5/12/2021,1107,2,2,0,0,CLEAR,DRY,0,SIDESWIPE COLLISION - SAME DIRECTION,SIDESWIPE-SAME DIRECTION,STRAIGHT & LEVEL,DAYLIGHT,2021,Before
85,28301811,HARDIN,US0031W,,DIXIE,AVE,37.7173351,-85.87885497,18.68,5/7/2021,1848,2,2,0,0,CLOUDY,WET,0,OTHER COLLISIONS ON SHOULDER,ANGLE,STRAIGHT & LEVEL,DAYLIGHT,2021,Before
86,28301644,HARDIN,US0031W,,DIXIE,AVE,37.70876753,-85.87426013,18.035,4/29/2021,1047,2,2,0,0,RAINING,WET,0,OTHER ROADWAY OR MID-BLOCK COLLISION,REAR END,STRAIGHT & LEVEL,DAYLIGHT,2021,Before
88,28301554,HARDIN,US0031W,,DIXIE,AVE,37.71792998,-85.87886556,18.722,4/20/2021,1957,2,2,0,0,CLEAR,DRY,0,ANGLE COLLISION - OTHER,ANGLE,STRAIGHT & LEVEL,DAYLIGHT,2021,Before
89,28301551,HARDIN,US0031W,,DIXIE,AVE,37.71935365,-85.87956802,18.817,4/19/2021,1315,2,2,0,0,CLEAR,DRY,0,ANGLE COLLISION - ONE VEHICLE TURNING LEFT,ANGLE,STRAIGHT & LEVEL,DAYLIGHT,2021,Before
90,28184334,HARDIN,US0031W,,DIXIE,AVE,37.71271791,-85.8766083,18.335,4/16/2021,1653,2,2,0,0,CLEAR,DRY,0,ANGLE COLLISION - OTHER,ANGLE,STRAIGHT & LEVEL,DAYLIGHT,2021,Before
91,28011110,HARDIN,US0031W,,DIXIE,AVE,37.70989338,-85.8745213,18.111,4/10/2021,1121,1,1,0,0,RAINING,WET,0,OTHER ROADWAY OR MID-BLOCK COLLISION,SINGLE VEHICLE,CURVE & LEVEL,DAYLIGHT,2021,Before
92,28010641,HARDIN,US0031W,,DIXIE,AVE,37.70874821,-85.87423545,18.033,4/7/2021,1250,2,2,0,0,CLEAR,DRY,0,ANGLE COLLISION - OTHER,ANGLE,STRAIGHT & LEVEL,DAYLIGHT,2021,Before
94,28026228,HARDIN,US0031W,,DIXIE,AVE,37.7042444,-85.87120121,17.677,4/2/2021,1010,2,2,0,0,CLEAR,DRY,0,ANGLE COLLISION - OTHER,ANGLE,STRAIGHT & LEVEL,DAYLIGHT,2021,Before
95,28026211,HARDIN,US0031W,,DIXIE,AVE,37.71304351,-85.87646786,18.354,3/29/2021,1708,2,2,0,0,CLEAR,DRY,0,SIDESWIPE COLLISION - SAME DIRECTION,SIDESWIPE-SAME DIRECTION,STRAIGHT & LEVEL,DAYLIGHT,2021,Before
96,28026302,HARDIN,US0031W,,DIXIE,AVE,37.70891393,-85.87403788,18.026,3/25/2021,1729,2,2,0,0,CLEAR,DRY,0,OTHER INTERSECTION COLLISIONS,REAR END,STRAIGHT & LEVEL,DAYLIGHT,2021,Before
98,28026429,HARDIN,US0031W,,DIXIE,AVE,37.71161073,-85.87601204,18.253,3/10/2021,1640,2,2,0,0,CLEAR,DRY,0,1 VEHICLE ENTERING/LEAVING ENTRANCE,ANGLE,STRAIGHT & LEVEL,DAYLIGHT,2021,Before
100,28026474,HARDIN,US0031W,,DIXIE,AVE,37.71677221,-85.87864122,18.639,2/22/2021,1619,2,2,0,0,CLEAR,DRY,0,OTHER ROADWAY OR MID-BLOCK COLLISION,OPPOSING LEFT TURN,STRAIGHT & LEVEL,DAYLIGHT,2021,Before
101,27879946,HARDIN,US0031W,,DIXIE,AVE,37.71284934,-85.87647168,18.271,2/19/2021,1432,2,2,0,1,CLEAR,DRY,0,ANGLE COLLISION - OTHER,ANGLE,STRAIGHT & LEVEL,DAYLIGHT,2021,Before
103,28109194,HARDIN,US0031W,,DIXIE,AVE,37.7042481,-85.87121498,17.678,2/12/2021,2004,2,2,0,0,CLOUDY,ICE,0,SIDESWIPE-SAME DIRECTION,SIDESWIPE-SAME DIRECTION,STRAIGHT & LEVEL,DARK (UNKNOWN ROADWAY LIGHTING),2021,Before
106,28184288,HARDIN,US0031W,,DIXIE,AVE,37.710527,-85.87543369,18.172,1/18/2021,1537,2,2,0,1,CLEAR,DRY,0,1 VEHICLE ENTERING/LEAVING ENTRANCE,ANGLE,STRAIGHT & LEVEL,DAYLIGHT,2021,Before
108,27685691,HARDIN,US0031W,,DIXIE,AVE,37.70961723,-85.87484798,18.102,1/8/2021,1638,2,1,0,0,CLOUDY,DRY,0,1 VEHICLE ENTERING/LEAVING ENTRANCE,ANGLE,STRAIGHT & LEVEL,DAYLIGHT,2021,Before
109,28026507,HARDIN,US0031W,,DIXIE,AVE,37.71819063,-85.8789916,18.738,1/4/2021,1333,2,2,0,0,CLEAR,DRY,0,REAR END IN TRAFFIC LANES BOTH VEHICLES MOVING,REAR END,STRAIGHT & LEVEL,DAYLIGHT,2021,Before
111,28184253,HARDIN,US0031W,,DIXIE,AVE,37.7163515,-85.87804855,18.601,12/10/2020,1613,3,3,0,1,CLEAR,DRY,0,REAR END IN TRAFFIC LANES BOTH VEHICLES MOVING,REAR END,STRAIGHT & LEVEL,DAYLIGHT,2020,Before
113,28010954,HARDIN,US0031W,,DIXIE,AVE,37.70880171,-85.87408048,18.028,12/2/2020,0815,2,2,0,2,CLEAR,DRY,0,OPPOSING LEFT TURN,OPPOSING LEFT TURN,STRAIGHT & LEVEL,DAYLIGHT,2020,Before
114,28109103,HARDIN,US0031W,,DIXIE,AVE,37.71280007,-85.87657755,18.329,12/1/2020,1830,2,2,0,0,CLEAR,DRY,0,SIDESWIPE-SAME DIRECTION,SIDESWIPE-SAME DIRECTION,STRAIGHT & LEVEL,DARK-HWY LIGHTED/ON,2020,Before
115,27606790,HARDIN,US0031W,,DIXIE,AVE,37.7167478,-85.87830798,18.631,11/25/2020,1758,3,3,0,0,RAINING,WET,0,REAR END IN TRAFFIC LANES BOTH VEHICLES MOVING,REAR END,STRAIGHT & LEVEL,DARK-HWY LIGHTED/ON,2020,Before
116,28109083,HARDIN,US0031W,,DIXIE,AVE,37.71931415,-85.87954914,18.816,11/20/2020,1221,2,2,0,0,CLEAR,DRY,0,REAR END IN TRAFFIC LANES BOTH VEHICLES MOVING,REAR END,STRAIGHT & LEVEL,DAYLIGHT,2020,Before
117,28184223,HARDIN,US0031W,,DIXIE,AVE,37.70883271,-85.8743074,18.04,11/6/2020,1746,2,2,0,0,CLEAR,DRY,0,SIDESWIPE COLLISION - SAME DIRECTION,SIDESWIPE-SAME DIRECTION,STRAIGHT & LEVEL,DARK-HWY LIGHTED/ON,2020,Before
118,28026442,HARDIN,US0031W,,DIXIE,AVE,37.7125694,-85.87644963,18.323,10/31/2020,1336,4,4,0,2,CLEAR,DRY,0,OTHER ROADWAY OR MID-BLOCK COLLISION,REAR TO REAR,STRAIGHT & LEVEL,DAYLIGHT,2020,Before
119,27585761,HARDIN,US0031W,,DIXIE,AVE,37.71733774,-85.87852361,18.672,10/13/2020,1159,3,3,0,1,CLEAR,DRY,0,OTHER ROADWAY OR MID-BLOCK COLLISION,REAR END,STRAIGHT & LEVEL,DAYLIGHT,2020,Before
120,27606804,HARDIN,US0031W,,DIXIE,AVE,37.71811577,-85.87922765,18.739,10/10/2020,1543,2,2,0,0,CLEAR,DRY,0,REAR END IN TRAFFIC LANES BOTH VEHICLES MOVING,REAR END,STRAIGHT & LEVEL,DAYLIGHT,2020,Before
122,27316713,HARDIN,US0031W,,DIXIE,AVE,37.70882025,-85.87401442,18.032,9/27/2020,1427,2,1,0,3,CLOUDY,DRY,0,OPPOSING LEFT TURN,OPPOSING LEFT TURN,STRAIGHT & LEVEL,DAYLIGHT,2020,Before
123,27261893,HARDIN,US0031W,,DIXIE,AVE,37.7089433,-85.87436418,18.048,9/25/2020,1512,2,2,0,0,CLEAR,DRY,1,OTHER ROADWAY OR MID-BLOCK COLLISION,REAR END,STRAIGHT & LEVEL,DAYLIGHT,2020,Before
124,27996691,HARDIN,US0031W,,DIXIE,AVE,37.70436502,-85.8713127,17.685,9/24/2020,2046,2,2,0,0,CLEAR,DRY,0,OTHER ROADWAY OR MID-BLOCK COLLISION,REAR END,STRAIGHT & GRADE,DARK-HWY LIGHTED/ON,2020,Before
125,27219800,HARDIN,US0031W,,DIXIE,AVE,37.70918677,-85.8745552,18.068,9/16/2020,1838,2,2,0,0,CLEAR,DRY,0,1 VEHICLE ENTERING/LEAVING ENTRANCE,ANGLE,STRAIGHT & LEVEL,DAYLIGHT,2020,Before
126,27193454,HARDIN,US0031W,,DIXIE,AVE,37.70424448,-85.87120496,17.677,9/5/2020,1247,2,2,0,2,CLEAR,DRY,0,OPPOSING LEFT TURN,OPPOSING LEFT TURN,STRAIGHT & LEVEL,DAYLIGHT,2020,Before
127,32127428,HARDIN,US0031W,,DIXIE,AVE,37.71018386,-85.87494221,18.139,9/3/2020,1407,2,1,0,0,CLOUDY,DRY,0,REAR END IN TRAFFIC LANES BOTH VEHICLES MOVING,REAR END,STRAIGHT & LEVEL,DAYLIGHT,2020,Before
128,27193475,HARDIN,US0031W,,DIXIE,AVE,37.71553048,-85.87767449,18.54,9/2/2020,1125,2,2,0,1,CLEAR,DRY,0,1 VEHICLE ENTERING/LEAVING ENTRANCE,ANGLE,STRAIGHT & LEVEL,DAYLIGHT,2020,Before
129,27180344,HARDIN,US0031W,,DIXIE,AVE,37.7148835,-85.87735848,18.491,9/2/2020,1443,2,2,0,0,CLOUDY,DRY,0,OTHER ROADWAY OR MID-BLOCK COLLISION,REAR END,STRAIGHT & LEVEL,DAYLIGHT,2020,Before
131,27097491,HARDIN,US0031W,,DIXIE,AVE,37.71781751,-85.87909319,18.717,8/14/2020,0954,2,2,0,0,CLOUDY,WET,0,ANGLE COLLISION - OTHER,ANGLE,STRAIGHT & LEVEL,DAYLIGHT,2020,Before
132,27097660,HARDIN,US0031W,,DIXIE,AVE,37.71200903,-85.87620472,18.282,8/7/2020,0957,2,2,0,0,CLEAR,DRY,0,1 VEHICLE ENTERING/LEAVING ENTRANCE,ANGLE,STRAIGHT & LEVEL,DAYLIGHT,2020,Before
136,26932217,HARDIN,US0031W,,DIXIE,AVE,37.7047456,-85.87166733,17.712,7/12/2020,1414,2,2,0,0,CLEAR,DRY,0,REAR END IN TRAFFIC LANES BOTH VEHICLES MOVING,REAR END,STRAIGHT & LEVEL,DAYLIGHT,2020,Before
138,26898422,HARDIN,US0031W,913,DIXIE,AVE,37.70904287,-85.8744191,18.056,6/30/2020,1909,2,2,0,0,CLEAR,DRY,0,REAR END IN TRAFFIC LANES BOTH VEHICLES MOVING,REAR END,STRAIGHT & LEVEL,DAYLIGHT,2020,Before
139,26868455,HARDIN,US0031W,,DIXIE,AVE,37.70424484,-85.87119763,17.677,6/26/2020,0923,2,2,0,0,CLEAR,DRY,0,OTHER INTERSECTION COLLISIONS,REAR END,STRAIGHT & LEVEL,DAYLIGHT,2020,Before
143,26730856,HARDIN,US0031W,,DIXIE,AVE,37.70885936,-85.87435884,18.043,5/13/2020,1455,2,2,0,0,CLOUDY,WET,0,OTHER ROADWAY OR MID-BLOCK COLLISION,REAR END,STRAIGHT & LEVEL,DAYLIGHT,2020,Before
144,26730823,HARDIN,US0031W,,DIXIE,AVE,37.7192886,-85.87960927,18.814,4/30/2020,1817,2,2,0,0,CLOUDY,DRY,0,OPPOSING LEFT TURN,OPPOSING LEFT TURN,STRAIGHT & LEVEL,DAYLIGHT,2020,Before
145,26628054,HARDIN,US0031W,,DIXIE,AVE,37.70871903,-85.87423183,18.031,4/22/2020,1123,2,2,0,0,CLEAR,DRY,0,ANGLE COLLISION - OTHER,ANGLE,STRAIGHT & LEVEL,DAYLIGHT,2020,Before
146,26642062,HARDIN,US0031W,,DIXIE,AVE,37.71674825,-85.87824841,18.63,4/20/2020,1322,2,2,0,0,CLEAR,DRY,0,OTHER ROADWAY OR MID-BLOCK COLLISION,REAR END,STRAIGHT & LEVEL,DAYLIGHT,2020,Before
147,26642064,HARDIN,US0031W,,DIXIE,AVE,37.70780712,-85.87321375,17.943,4/20/2020,0931,2,2,0,0,CLEAR,DRY,0,OTHER ROADWAY OR MID-BLOCK COLLISION,OPPOSING LEFT TURN,STRAIGHT & LEVEL,DAYLIGHT,2020,Before
148,26627903,HARDIN,US0031W,,DIXIE,AVE,37.7043943,-85.87124168,17.687,4/18/2020,1017,2,2,0,1,CLEAR,DRY,0,SIDESWIPE COLLISION - SAME DIRECTION,SIDESWIPE-SAME DIRECTION,STRAIGHT & LEVEL,DAYLIGHT,2020,Before
149,26627911,HARDIN,US0031W,,DIXIE,AVE,37.70916505,-85.87444906,18.064,4/16/2020,1335,2,2,0,0,CLEAR,DRY,1,OTHER ROADWAY OR MID-BLOCK COLLISION,REAR END,STRAIGHT & LEVEL,DAYLIGHT,2020,Before
150,26627889,HARDIN,US0031W,,DIXIE,AVE,37.71788038,-85.87911521,18.721,4/7/2020,1645,2,2,0,0,CLEAR,DRY,0,ANGLE COLLISION - OTHER,ANGLE,STRAIGHT & LEVEL,DAYLIGHT,2020,Before
151,26627893,HARDIN,US0031W,1835,DIXIE,AVE,37.71119665,-85.8755821,18.217,4/5/2020,0928,1,1,0,0,CLEAR,DRY,0,COLLISION WITH FIXED OBJECT NON - INTERSECTION - FIRST EVENT COLLISION 09 - 32 EXCLUDING 16,SINGLE VEHICLE,STRAIGHT & LEVEL,DAYLIGHT,2020,Before
152,26526421,HARDIN,US0031W,,DIXIE,AVE,37.71072251,-85.87538357,18.183,3/16/2020,1639,2,2,0,0,CLOUDY,DRY,0,1 VEHICLE ENTERING/LEAVING ENTRANCE,ANGLE,STRAIGHT & LEVEL,DAYLIGHT,2020,Before
153,26513225,HARDIN,US0031W,,DIXIE,AVE,37.70882585,-85.8740086,18.032,3/11/2020,2139,2,2,0,2,CLEAR,DRY,0,ANGLE COLLISION - OTHER,ANGLE,STRAIGHT & LEVEL,DARK-HWY LIGHTED/ON,2020,Before
156,26435504,HARDIN,US0031W,,DIXIE,AVE,37.71499788,-85.8773997,18.5,2/15/2020,1347,2,2,0,0,CLEAR,DRY,0,OTHER ROADWAY OR MID-BLOCK COLLISION,REAR END,STRAIGHT & LEVEL,DAYLIGHT,2020,Before
158,26394749,HARDIN,US0031W,,DIXIE,AVE,37.70959808,-85.87484152,18.1,2/14/2020,1035,2,2,0,1,CLEAR,DRY,0,1 VEHICLE ENTERING/LEAVING ENTRANCE,ANGLE,STRAIGHT & LEVEL,DAYLIGHT,2020,Before
159,26394750,HARDIN,US0031W,,DIXIE,AVE,37.71005825,-85.87519078,18.137,2/14/2020,1344,2,2,0,0,CLEAR,DRY,0,1 VEHICLE ENTERING/LEAVING ENTRANCE,ANGLE,STRAIGHT & LEVEL,DAYLIGHT,2020,Before
160,26331788,HARDIN,US0031W,,DIXIE,AVE,37.70872768,-85.87426091,18.017,2/7/2020,2149,2,2,0,0,CLEAR,DRY,0,OTHER INTERSECTION COLLISIONS,REAR END,STRAIGHT & LEVEL,DARK-HWY LIGHTED/ON,2020,Before
162,26394742,HARDIN,US0031W,,DIXIE,AVE,37.71855718,-85.87934335,18.77,2/3/2020,0955,3,3,0,0,CLOUDY,DRY,0,OTHER ROADWAY OR MID-BLOCK COLLISION,REAR END,STRAIGHT & LEVEL,DAYLIGHT,2020,Before
164,26331698,HARDIN,US0031W,,DIXIE,AVE,37.70823182,-85.87362947,17.982,1/29/2020,1242,2,2,0,0,CLOUDY,DRY,0,SIDESWIPE COLLISION - SAME DIRECTION,SIDESWIPE-SAME DIRECTION,STRAIGHT & LEVEL,DAYLIGHT,2020,Before
165,26216248,HARDIN,US0031W,,DIXIE,AVE,37.70910468,-85.87420707,18.054,1/6/2020,1218,2,2,0,0,CLEAR,DRY,0,SIDESWIPE COLLISION - SAME DIRECTION,SIDESWIPE-SAME DIRECTION,STRAIGHT & LEVEL,DAYLIGHT,2020,Before
166,26216207,HARDIN,US0031W,,DIXIE,AVE,37.71259244,-85.8764922,18.326,1/2/2020,0952,2,2,0,0,CLOUDY,DRY,0,OTHER ROADWAY OR MID-BLOCK COLLISION,REAR END,STRAIGHT & LEVEL,DAYLIGHT,2020,Before
167,26216340,HARDIN,US0031W,,DIXIE,AVE,37.70875491,-85.87424138,18.034,1/2/2020,1533,2,2,0,0,RAINING,WET,0,OTHER INTERSECTION COLLISIONS,REAR END,STRAIGHT & LEVEL,DAYLIGHT,2020,Before
168,26216310,HARDIN,US0031W,,DIXIE,AVE,37.71331717,-85.87655648,18.373,12/29/2019,1536,2,2,0,1,RAINING,WET,0,1 VEHICLE ENTERING/LEAVING ENTRANCE,ANGLE,STRAIGHT & LEVEL,DAYLIGHT,2019,Before
170,26154481,HARDIN,US0031W,,DIXIE,AVE,37.7091954,-85.87453072,18.068,12/23/2019,1353,2,2,0,0,CLEAR,DRY,0,1 VEHICLE ENTERING/LEAVING ENTRANCE,ANGLE,STRAIGHT & LEVEL,DAYLIGHT,2019,Before
171,26095923,HARDIN,US0031W,,DIXIE,AVE,37.71672076,-85.87855269,18.634,12/23/2019,1419,2,2,0,0,CLEAR,DRY,0,SIDESWIPE COLLISION - SAME DIRECTION,SIDESWIPE-SAME DIRECTION,STRAIGHT & LEVEL,DAYLIGHT,2019,Before
172,26216266,HARDIN,US0031W,,DIXIE,AVE,37.71794811,-85.87886972,18.721,12/22/2019,1914,2,2,0,0,CLEAR,DRY,0,ANGLE COLLISION - OTHER,ANGLE,STRAIGHT & LEVEL,DARK-HWY LIGHTED/ON,2019,Before
173,26100652,HARDIN,US0031W,,DIXIE,AVE,37.71251749,-85.87644954,18.32,12/19/2019,1847,2,2,0,0,CLEAR,DRY,0,REAR END IN TRAFFIC LANES BOTH VEHICLES MOVING,REAR END,STRAIGHT & LEVEL,DARK-HWY LIGHTED/ON,2019,Before
174,26100767,HARDIN,US0031W,,DIXIE,AVE,37.71780179,-85.87877515,18.73,12/13/2019,1728,2,2,0,0,RAINING,WET,0,SIDESWIPE COLLISION - SAME DIRECTION,SIDESWIPE-SAME DIRECTION,STRAIGHT & LEVEL,DARK-HWY LIGHTED/ON,2019,Before
175,26098042,HARDIN,US0031W,,DIXIE,AVE,37.70897356,-85.87439646,18.051,12/13/2019,1436,2,2,0,0,RAINING,WET,0,1 VEHICLE ENTERING/LEAVING ENTRANCE,ANGLE,STRAIGHT & LEVEL,DAYLIGHT,2019,Before
176,26100752,HARDIN,US0031W,,DIXIE,AVE,37.70911402,-85.87449176,18.062,12/11/2019,1137,2,2,0,0,CLEAR,DRY,0,OTHER ROADWAY OR MID-BLOCK COLLISION,REAR END,STRAIGHT & LEVEL,DAYLIGHT,2019,Before
177,26100617,HARDIN,US0031W,,DIXIE,AVE,37.71794751,-85.87886727,18.721,12/7/2019,1938,2,2,0,0,CLEAR,DRY,0,ANGLE COLLISION - OTHER,ANGLE,STRAIGHT & LEVEL,DARK-HWY LIGHTED/ON,2019,Before
178,26100730,HARDIN,US0031W,,DIXIE,AVE,37.70911747,-85.87456649,18.064,12/6/2019,1850,2,2,0,0,CLEAR,DRY,0,1 VEHICLE ENTERING/LEAVING ENTRANCE,ANGLE,STRAIGHT & LEVEL,DARK-HWY LIGHTED/ON,2019,Before
179,26098032,HARDIN,US0031W,,DIXIE,AVE,37.70882661,-85.8740138,18.032,12/6/2019,1208,2,2,0,0,CLOUDY,WET,0,ANGLE COLLISION - ONE VEHICLE TURNING LEFT,ANGLE,STRAIGHT & LEVEL,DAYLIGHT,2019,Before
180,26016847,HARDIN,US0031W,,DIXIE,AVE,37.70466456,-85.87151842,17.71,11/26/2019,0954,2,2,0,0,CLEAR,DRY,0,REAR END IN TRAFFIC LANES BOTH VEHICLES MOVING,REAR END,STRAIGHT & LEVEL,DAYLIGHT,2019,Before
181,26016844,HARDIN,US0031W,,DIXIE,AVE,37.7118156,-85.87585589,18.263,11/26/2019,1839,2,2,0,0,RAINING,WET,0,1 VEHICLE ENTERING/LEAVING ENTRANCE,ANGLE,STRAIGHT & LEVEL,DARK-HWY LIGHTED/ON,2019,Before
182,26016893,HARDIN,US0031W,,DIXIE,AVE,37.70876811,-85.87428257,18.036,11/23/2019,1831,2,2,0,0,RAINING,WET,1,REAR END IN TRAFFIC LANES BOTH VEHICLES MOVING,REAR END,STRAIGHT & LEVEL,DARK-HWY LIGHTED/ON,2019,Before
184,26016789,HARDIN,US0031W,,DIXIE,AVE,37.70437592,-85.8714056,17.689,11/15/2019,1837,2,2,0,0,CLEAR,DRY,0,REAR END IN TRAFFIC LANES BOTH VEHICLES MOVING,REAR END,STRAIGHT & LEVEL,DARK-HWY LIGHTED/ON,2019,Before
185,25993323,HARDIN,US0031W,,DIXIE,AVE,37.71276302,-85.87662421,18.273,11/11/2019,2342,2,2,0,0,SNOWING,SNOW/SLUSH,0,ANGLE COLLISION - OTHER,ANGLE,STRAIGHT & GRADE,DARK-HWY LIGHTED/ON,2019,Before
186,25967328,HARDIN,US0031W,,DIXIE,AVE,37.70807047,-85.87378431,17.969,11/8/2019,1206,3,3,0,0,CLEAR,DRY,0,REAR END IN TRAFFIC LANES BOTH VEHICLES MOVING,REAR END,STRAIGHT & LEVEL,DAYLIGHT,2019,Before
187,25967370,HARDIN,US0031W,,DIXIE,AVE,37.70423932,-85.87119989,17.677,11/7/2019,1623,2,2,0,0,CLOUDY,WET,0,1 VEHICLE ENTERING/LEAVING ENTRANCE,ANGLE,STRAIGHT & LEVEL,DAYLIGHT,2019,Before
188,25967217,HARDIN,US0031W,,DIXIE,AVE,37.70785385,-85.87360632,17.947,11/6/2019,1719,2,2,0,0,RAINING,WET,0,REAR END IN TRAFFIC LANES BOTH VEHICLES MOVING,REAR END,STRAIGHT & LEVEL,DAYLIGHT,2019,Before
189,25967119,HARDIN,US0031W,,DIXIE,AVE,37.70424483,-85.87120704,17.677,11/5/2019,2102,2,2,0,0,CLEAR,DRY,0,ANGLE COLLISION - ONE VEHICLE TURNING LEFT,ANGLE,STRAIGHT & LEVEL,DARK-HWY LIGHTED/ON,2019,Before
190,25993277,HARDIN,US0031W,,DIXIE,AVE,37.71526936,-85.87753447,18.52,11/4/2019,1342,2,2,0,0,CLEAR,DRY,0,SIDESWIPE COLLISION - SAME DIRECTION,SIDESWIPE-SAME DIRECTION,STRAIGHT & LEVEL,DAYLIGHT,2019,Before
191,25925848,HARDIN,US0031W,,DIXIE,AVE,37.71271641,-85.87657677,18.335,10/31/2019,1311,2,1,0,0,CLEAR,DRY,0,OPPOSING LEFT TURN,OPPOSING LEFT TURN,STRAIGHT & LEVEL,DAYLIGHT,2019,Before
192,25967296,HARDIN,US0031W,,DIXIE,AVE,37.71879703,-85.87921405,18.779,10/25/2019,2005,3,3,0,1,CLOUDY,WET,0,ANGLE COLLISION - OTHER,ANGLE,CURVE & LEVEL,DARK-HWY LIGHTED/ON,2019,Before
193,26069088,HARDIN,US0031W,,DIXIE,AVE,37.70958587,-85.87489297,18.101,10/24/2019,0635,2,2,0,0,CLEAR,DRY,0,1 VEHICLE ENTERING/LEAVING ENTRANCE,ANGLE,STRAIGHT & LEVEL,DARK-HWY LIGHTED/ON,2019,Before
194,25993248,HARDIN,US0031W,,DIXIE,AVE,37.70504846,-85.87189232,17.732,10/24/2019,1259,2,2,0,0,CLEAR,DRY,0,REAR END IN TRAFFIC LANES BOTH VEHICLES MOVING,REAR END,STRAIGHT & LEVEL,DAYLIGHT,2019,Before
195,25967096,HARDIN,US0031W,,DIXIE,AVE,37.71076251,-85.87553592,18.189,10/22/2019,1715,2,2,0,0,CLEAR,DRY,0,1 VEHICLE ENTERING/LEAVING ENTRANCE,ANGLE,STRAIGHT & LEVEL,DAYLIGHT,2019,Before
196,25993245,HARDIN,US0031W,,DIXIE,AVE,37.71026078,-85.87498091,18.145,10/21/2019,1327,2,2,0,0,CLEAR,DRY,0,1 VEHICLE ENTERING/LEAVING ENTRANCE,ANGLE,STRAIGHT & LEVEL,DAYLIGHT,2019,Before
197,25850066,HARDIN,US0031W,,DIXIE,AVE,37.71662632,-85.87839917,18.625,10/18/2019,1604,2,1,0,0,CLEAR,DRY,0,OTHER ROADWAY OR MID-BLOCK COLLISION,REAR END,STRAIGHT & LEVEL,DAYLIGHT,2019,Before
198,26069043,HARDIN,US0031W,,DIXIE,AVE,37.71073929,-85.87535907,18.184,10/10/2019,1513,2,2,0,0,CLEAR,DRY,0,1 VEHICLE ENTERING/LEAVING ENTRANCE,ANGLE,STRAIGHT & LEVEL,DAYLIGHT,2019,Before
199,25747204,HARDIN,US0031W,,DIXIE,AVE,37.707252,-85.87318601,17.889,10/3/2019,1616,2,2,0,0,CLEAR,DRY,0,ANGLE COLLISION - OTHER,ANGLE,STRAIGHT & GRADE,DAYLIGHT,2019,Before
201,25687520,HARDIN,US0031W,,DIXIE,AVE,37.70871954,-85.87421288,18.033,9/23/2019,1538,2,2,0,0,CLEAR,DRY,0,OTHER INTERSECTION COLLISIONS,REAR END,STRAIGHT & LEVEL,DAYLIGHT,2019,Before
202,25675043,HARDIN,US0031W,,DIXIE,AVE,37.7092193,-85.87458607,18.071,9/13/2019,1055,2,2,0,1,CLEAR,DRY,0,1 VEHICLE ENTERING/LEAVING ENTRANCE,ANGLE,STRAIGHT & LEVEL,DAYLIGHT,2019,Before
203,25675040,HARDIN,US0031W,,DIXIE,AVE,37.71117299,-85.87584526,18.221,9/10/2019,1348,3,3,0,0,CLEAR,DRY,0,OTHER ROADWAY OR MID-BLOCK COLLISION,REAR END,STRAIGHT & LEVEL,DAYLIGHT,2019,Before
204,25747168,HARDIN,US0031W,,DIXIE,AVE,37.71881469,-85.87931453,18.782,9/6/2019,1300,2,2,0,0,CLEAR,DRY,0,OTHER ROADWAY OR MID-BLOCK COLLISION,REAR END,STRAIGHT & LEVEL,DAYLIGHT,2019,Before
205,25674938,HARDIN,US0031W,,DIXIE,AVE,37.71621483,-85.87785492,18.587,9/5/2019,1534,2,2,0,0,CLEAR,DRY,0,SIDESWIPE COLLISION - SAME DIRECTION,SIDESWIPE-SAME DIRECTION,STRAIGHT & LEVEL,DAYLIGHT,2019,Before
206,25672663,HARDIN,US0031W,,DIXIE,AVE,37.71809574,-85.87893459,18.731,9/5/2019,1542,2,2,0,0,CLEAR,DRY,0,REAR END IN TRAFFIC LANES BOTH VEHICLES MOVING,REAR END,STRAIGHT & LEVEL,DAYLIGHT,2019,Before
207,25672669,HARDIN,US0031W,,DIXIE,AVE,37.70726432,-85.87319141,17.888,9/5/2019,1516,2,2,0,1,CLEAR,DRY,0,OTHER ROADWAY OR MID-BLOCK COLLISION,OPPOSING LEFT TURN,STRAIGHT & LEVEL,DAYLIGHT,2019,Before
208,25597195,HARDIN,US0031W,,DIXIE,AVE,37.70858501,-85.87381024,18.011,9/3/2019,1112,2,2,0,0,CLEAR,DRY,0,REAR END IN TRAFFIC LANES BOTH VEHICLES MOVING,REAR END,STRAIGHT & LEVEL,DAYLIGHT,2019,Before
210,25659193,HARDIN,US0031W,,DIXIE,AVE,37.71275695,-85.87657638,18.338,8/30/2019,1638,2,1,0,0,CLEAR,DRY,0,ANGLE COLLISION - OTHER,ANGLE,STRAIGHT & LEVEL,DAYLIGHT,2019,Before
211,25596923,HARDIN,US0031W,,DIXIE,AVE,37.70427326,-85.87127402,17.681,8/24/2019,1316,2,2,0,0,CLEAR,DRY,0,SIDESWIPE COLLISION - SAME DIRECTION,SIDESWIPE-SAME DIRECTION,STRAIGHT & LEVEL,DAYLIGHT,2019,Before
213,25747077,HARDIN,US0031W,,DIXIE,AVE,37.71275666,-85.87657572,18.338,8/15/2019,0711,2,2,0,0,CLEAR,DRY,0,ANGLE COLLISION - OTHER,ANGLE,STRAIGHT & LEVEL,DAYLIGHT,2019,Before
214,25747057,HARDIN,US0031W,,DIXIE,AVE,37.71871299,-85.87925269,18.775,8/14/2019,1649,2,2,0,0,CLEAR,DRY,0,REAR END IN TRAFFIC LANES BOTH VEHICLES MOVING,REAR END,STRAIGHT & LEVEL,DAYLIGHT,2019,Before
215,25753255,HARDIN,US0031W,,DIXIE,AVE,37.70430545,-85.87139979,17.686,8/13/2019,1115,2,2,0,0,RAINING,WET,1,OTHER ROADWAY OR MID-BLOCK COLLISION,REAR END,STRAIGHT & LEVEL,DAYLIGHT,2019,Before
216,25747069,HARDIN,US0031W,,DIXIE,AVE,37.70729954,-85.87328797,17.897,8/9/2019,1645,2,2,0,0,CLEAR,DRY,0,ANGLE COLLISION - OTHER,ANGLE,STRAIGHT & GRADE,DAYLIGHT,2019,Before
217,25549878,HARDIN,US0031W,,DIXIE,AVE,37.71668475,-85.87854762,18.632,8/6/2019,1754,2,2,0,3,CLEAR,DRY,0,OTHER ROADWAY OR MID-BLOCK COLLISION,REAR END,STRAIGHT & LEVEL,DAYLIGHT,2019,Before
218,25416564,HARDIN,US0031W,,DIXIE,AVE,37.7072551,-85.87316228,17.888,7/30/2019,1216,2,2,0,0,CLEAR,DRY,0,ANGLE COLLISION - OTHER,ANGLE,STRAIGHT & LEVEL,DAYLIGHT,2019,Before
220,25747013,HARDIN,US0031W,,DIXIE,AVE,37.70431467,-85.87135064,17.685,7/21/2019,1428,2,2,0,0,CLOUDY,DRY,1,SIDESWIPE COLLISION - SAME DIRECTION,SIDESWIPE-SAME DIRECTION,STRAIGHT & LEVEL,DAYLIGHT,2019,Before
223,25384634,HARDIN,US0031W,,DIXIE,AVE,37.70423922,-85.87120703,17.677,7/8/2019,1642,2,2,0,1,CLOUDY,DRY,0,ANGLE COLLISION - OTHER,ANGLE,STRAIGHT & LEVEL,DAYLIGHT,2019,Before
224,25384619,HARDIN,US0031W,,DIXIE,AVE,37.7140392,-85.87707354,18.431,7/3/2019,1455,2,2,0,0,CLOUDY,DRY,0,1 VEHICLE ENTERING/LEAVING ENTRANCE,ANGLE,STRAIGHT & LEVEL,DAYLIGHT,2019,Before
225,25428269,HARDIN,US0031W,,DIXIE,AVE,37.7183505,-85.87906482,18.749,7/2/2019,1506,2,2,0,0,CLEAR,DRY,0,SIDESWIPE COLLISION - SAME DIRECTION,SIDESWIPE-SAME DIRECTION,STRAIGHT & LEVEL,DAYLIGHT,2019,Before
226,25272266,HARDIN,US0031W,,DIXIE,AVE,37.71277053,-85.87657759,18.337,6/25/2019,1557,2,2,0,1,CLEAR,DRY,0,ANGLE COLLISION - OTHER,ANGLE,STRAIGHT & LEVEL,DAYLIGHT,2019,Before
227,25370961,HARDIN,US0031W,,DIXIE,AVE,37.70424785,-85.87120633,17.677,6/23/2019,1416,2,2,0,0,CLEAR,DRY,0,OTHER INTERSECTION COLLISIONS,REAR END,STRAIGHT & LEVEL,DAYLIGHT,2019,Before
228,25246831,HARDIN,US0031W,,DIXIE,AVE,37.71915291,-85.87976069,18.818,6/22/2019,1048,2,2,0,0,RAINING,WET,0,ANGLE COLLISION - OTHER,ANGLE,STRAIGHT & LEVEL,DAYLIGHT,2019,Before
229,25246825,HARDIN,US0031W,,DIXIE,AVE,37.70718494,-85.87316548,17.884,6/21/2019,1622,2,2,0,2,CLEAR,DRY,0,OTHER ROADWAY OR MID-BLOCK COLLISION,OPPOSING LEFT TURN,STRAIGHT & GRADE,DAYLIGHT,2019,Before
231,25340902,HARDIN,US0031W,,DIXIE,AVE,37.70466914,-85.87163013,17.708,6/13/2019,1542,2,2,0,0,CLEAR,DRY,0,OTHER ROADWAY OR MID-BLOCK COLLISION,REAR END,STRAIGHT & LEVEL,DAYLIGHT,2019,Before
232,25235638,HARDIN,US0031W,,DIXIE,AVE,37.70656583,-85.87273573,17.835,6/10/2019,1755,2,2,0,0,CLEAR,DRY,0,REAR END IN TRAFFIC LANES BOTH VEHICLES MOVING,REAR END,STRAIGHT & LEVEL,DAYLIGHT,2019,Before
233,25246813,HARDIN,US0031W,,DIXIE,AVE,37.70833116,-85.8738358,17.989,6/7/2019,1252,3,3,0,2,RAINING,WET,0,REAR END IN TRAFFIC LANES BOTH VEHICLES MOVING,REAR END,STRAIGHT & GRADE,DAYLIGHT,2019,Before
234,25184696,HARDIN,US0031W,,DIXIE,AVE,37.70671246,-85.87280194,17.846,6/7/2019,1826,2,2,0,0,RAINING,WET,0,OTHER ROADWAY OR MID-BLOCK COLLISION,REAR END,STRAIGHT & GRADE,DAYLIGHT,2019,Before
235,25190922,HARDIN,US0031W,,DIXIE,AVE,37.70779627,-85.87355591,17.941,6/7/2019,1626,3,3,0,1,RAINING,WET,0,OTHER ROADWAY OR MID-BLOCK COLLISION,REAR END,STRAIGHT & LEVEL,DAYLIGHT,2019,Before
237,25389919,HARDIN,US0031W,,DIXIE,AVE,37.70833619,-85.87389999,17.992,6/3/2019,1212,3,3,0,0,CLEAR,DRY,0,REAR END IN TRAFFIC LANES BOTH VEHICLES MOVING,REAR END,STRAIGHT & GRADE,DAYLIGHT,2019,Before
238,25220139,HARDIN,US0031W,,DIXIE,AVE,37.70668012,-85.87287701,17.846,5/31/2019,1615,3,3,0,0,CLEAR,DRY,0,OTHER ROADWAY OR MID-BLOCK COLLISION,REAR END,STRAIGHT & GRADE,DAYLIGHT,2019,Before
239,25150217,HARDIN,US0031W,,DIXIE,AVE,37.70725274,-85.87318519,17.889,5/31/2019,1606,2,2,0,0,CLEAR,DRY,0,ANGLE COLLISION - OTHER,ANGLE,STRAIGHT & LEVEL,DAYLIGHT,2019,Before
240,25143850,HARDIN,US0031W,,DIXIE,AVE,37.70896107,-85.8744131,18.051,5/29/2019,1544,2,2,0,0,CLOUDY,DRY,0,OTHER ROADWAY OR MID-BLOCK COLLISION,REAR END,STRAIGHT & LEVEL,DAYLIGHT,2019,Before
241,25207032,HARDIN,US0031W,,DIXIE,AVE,37.70809842,-85.87372844,17.976,5/16/2019,1602,2,2,0,0,CLEAR,DRY,0,OTHER ROADWAY OR MID-BLOCK COLLISION,OPPOSING LEFT TURN,STRAIGHT & LEVEL,DAYLIGHT,2019,Before
243,25143777,HARDIN,US0031W,,DIXIE,AVE,37.71788476,-85.87911346,18.721,5/10/2019,1658,2,2,0,2,CLOUDY,DRY,0,1 VEHICLE ENTERING/LEAVING ENTRANCE,ANGLE,STRAIGHT & LEVEL,DAYLIGHT,2019,Before
244,25207029,HARDIN,US0031W,,DIXIE,AVE,37.71842668,-85.87905205,18.753,5/9/2019,1755,2,2,0,0,CLEAR,DRY,0,SIDESWIPE COLLISION - SAME DIRECTION,SIDESWIPE-SAME DIRECTION,STRAIGHT & LEVEL,DAYLIGHT,2019,Before
245,25081238,HARDIN,US0031W,,DIXIE,AVE,37.71804551,-85.87910948,18.71,5/7/2019,1306,2,2,0,0,CLEAR,DRY,0,SIDESWIPE-SAME DIRECTION,SIDESWIPE-SAME DIRECTION,STRAIGHT & LEVEL,DAYLIGHT,2019,Before
246,25081219,HARDIN,US0031W,,DIXIE,AVE,37.71290951,-85.87664018,18.349,5/6/2019,0807,3,3,0,0,CLEAR,DRY,0,1 VEHICLE ENTERING/LEAVING ENTRANCE,ANGLE,STRAIGHT & LEVEL,DAYLIGHT,2019,Before
247,25045516,HARDIN,US0031W,,DIXIE,AVE,37.71102519,-85.87522933,18.199,4/30/2019,1946,2,2,0,0,CLEAR,DRY,1,SIDESWIPE COLLISION - SAME DIRECTION,SIDESWIPE-SAME DIRECTION,STRAIGHT & LEVEL,DAYLIGHT,2019,Before
248,24982602,HARDIN,US0031W,,DIXIE,AVE,37.71812584,-85.87895715,18.733,4/22/2019,1530,2,2,0,0,CLEAR,DRY,0,SIDESWIPE COLLISION - SAME DIRECTION,SIDESWIPE-SAME DIRECTION,STRAIGHT & LEVEL,DAYLIGHT,2019,Before
249,25080980,HARDIN,US0031W,,DIXIE,AVE,37.71795336,-85.87887214,18.721,4/19/2019,1520,2,2,0,0,RAINING,WET,0,ANGLE COLLISION - OTHER,ANGLE,STRAIGHT & LEVEL,DAYLIGHT,2019,Before
250,24955373,HARDIN,US0031W,,DIXIE,AVE,37.71795118,-85.8788776,18.721,4/17/2019,1211,2,2,0,0,CLEAR,DRY,0,ANGLE COLLISION - OTHER,ANGLE,STRAIGHT & LEVEL,DAYLIGHT,2019,Before
252,24932973,HARDIN,US0031W,,DIXIE,AVE,37.71323712,-85.8765568,18.368,4/6/2019,1218,2,2,0,1,CLEAR,DRY,0,1 VEHICLE ENTERING/LEAVING ENTRANCE,ANGLE,STRAIGHT & LEVEL,DAYLIGHT,2019,Before
253,24932975,HARDIN,US0031W,,DIXIE,AVE,37.70629531,-85.87233594,17.826,4/5/2019,1821,2,2,0,0,CLOUDY,DRY,0,SIDESWIPE COLLISION - SAME DIRECTION,SIDESWIPE-SAME DIRECTION,STRAIGHT & GRADE,DAYLIGHT,2019,Before
257,24876318,HARDIN,US0031W,,DIXIE,AVE,37.70643455,-85.87264087,17.825,3/20/2019,1705,2,2,0,0,CLEAR,DRY,0,SIDESWIPE COLLISION - SAME DIRECTION,SIDESWIPE-SAME DIRECTION,STRAIGHT & LEVEL,DAYLIGHT,2019,Before
259,24878780,HARDIN,US0031W,,DIXIE,AVE,37.7042622,-85.87127084,17.681,3/9/2019,1313,2,2,0,3,RAINING,WET,0,ANGLE COLLISION - OTHER,ANGLE,STRAIGHT & LEVEL,DAYLIGHT,2019,Before
260,24878774,HARDIN,US0031W,,DIXIE,AVE,37.70543108,-85.87191022,17.751,3/8/2019,1529,2,2,0,0,CLOUDY,DRY,0,OTHER ROADWAY OR MID-BLOCK COLLISION,REAR END,STRAIGHT & LEVEL,DAYLIGHT,2019,Before
261,24915853,HARDIN,US0031W,,DIXIE,AVE,37.70822065,-85.87386557,17.987,3/1/2019,1742,2,2,0,0,CLEAR,DRY,0,OTHER ROADWAY OR MID-BLOCK COLLISION,REAR END,STRAIGHT & LEVEL,DAYLIGHT,2019,Before
262,25389822,HARDIN,US0031W,,DIXIE,AVE,37.707336,-85.87323069,17.897,2/19/2019,1859,2,2,0,0,CLOUDY,DRY,0,ANGLE COLLISION - OTHER,ANGLE,STRAIGHT & GRADE,DARK-HWY NOT LIGHTED,2019,Before
263,24561037,HARDIN,US0031W,,DIXIE,AVE,37.71279434,-85.87645873,18.274,1/28/2019,1828,2,2,0,0,RAINING,WET,0,ANGLE COLLISION - OTHER,ANGLE,STRAIGHT & LEVEL,DARK-HWY LIGHTED/ON,2019,Before
265,24548533,HARDIN,US0031W,,DIXIE,AVE,37.71728951,-85.87853214,18.671,1/18/2019,1543,2,2,0,0,RAINING,WET,0,SIDESWIPE COLLISION - SAME DIRECTION,SIDESWIPE-SAME DIRECTION,STRAIGHT & LEVEL,DAYLIGHT,2019,Before
266,24488746,HARDIN,US0031W,,DIXIE,AVE,37.71932214,-85.87956224,18.817,1/7/2019,1453,1,1,0,0,CLOUDY,DRY,0,NON-COLLISION OBJECT COLLISION,SINGLE VEHICLE,STRAIGHT & LEVEL,DAYLIGHT,2019,Before
267,24460783,HARDIN,US0031W,,DIXIE,AVE,37.71927857,-85.8798204,18.812,1/4/2019,1829,2,2,0,0,RAINING,WET,0,ANGLE COLLISION - OTHER,ANGLE,STRAIGHT & LEVEL,DARK-HWY LIGHTED/ON,2019,Before
268,24437316,HARDIN,US0031W,,DIXIE,AVE,37.70924041,-85.87458411,18.072,12/28/2018,1432,2,2,0,2,CLEAR,DRY,0,1 VEHICLE ENTERING/LEAVING ENTRANCE,ANGLE,STRAIGHT & LEVEL,DAYLIGHT,2018,Before
269,24437342,HARDIN,US0031W,,DIXIE,AVE,37.70882396,-85.8740077,18.032,12/24/2018,1338,3,3,0,1,CLEAR,DRY,0,ANGLE COLLISION - OTHER,ANGLE,STRAIGHT & LEVEL,DAYLIGHT,2018,Before
270,24437368,HARDIN,US0031W,,DIXIE,AVE,37.71499202,-85.87739969,18.499,12/23/2018,1854,2,2,0,0,CLEAR,DRY,0,REAR END IN TRAFFIC LANES BOTH VEHICLES MOVING,REAR END,STRAIGHT & LEVEL,DARK-HWY LIGHTED/ON,2018,Before
271,24437362,HARDIN,US0031W,,DIXIE,AVE,37.70557521,-85.87215746,17.764,12/21/2018,1736,3,3,0,0,RAINING,WET,1,REAR END IN TRAFFIC LANES BOTH VEHICLES MOVING,REAR END,STRAIGHT & HILLCREST,DARK-HWY LIGHTED/ON,2018,Before
272,24416845,HARDIN,US0031W,,DIXIE,AVE,37.70874214,-85.87423428,18.033,12/20/2018,0737,2,2,0,0,CLOUDY,WET,0,OTHER INTERSECTION COLLISIONS,REAR END,STRAIGHT & LEVEL,DAWN,2018,Before
273,24394371,HARDIN,US0031W,,DIXIE,AVE,37.7077723,-85.87352252,17.95,12/14/2018,1507,2,2,0,0,RAINING,WET,0,REAR END IN TRAFFIC LANES BOTH VEHICLES MOVING,REAR END,STRAIGHT & LEVEL,DAYLIGHT,2018,Before
274,24437392,HARDIN,US0031W,,DIXIE,AVE,37.70455542,-85.87153512,17.7,12/7/2018,1344,2,2,0,0,CLEAR,DRY,0,REAR END IN TRAFFIC LANES BOTH VEHICLES MOVING,REAR END,STRAIGHT & LEVEL,DAYLIGHT,2018,Before
275,24641824,HARDIN,US0031W,,DIXIE,AVE,37.71794815,-85.87886849,18.721,12/7/2018,1509,2,2,0,0,CLEAR,DRY,0,ANGLE COLLISION - OTHER,ANGLE,STRAIGHT & LEVEL,DAYLIGHT,2018,Before
276,24641816,HARDIN,US0031W,,DIXIE,AVE,37.7127596,-85.87658064,18.338,12/6/2018,1422,2,2,0,2,CLOUDY,DRY,0,ANGLE COLLISION - OTHER,ANGLE,STRAIGHT & LEVEL,DAYLIGHT,2018,Before
278,24641815,HARDIN,US0031W,,DIXIE,AVE,37.71789889,-85.87917294,18.735,11/27/2018,1545,2,2,0,0,SNOWING,SNOW/SLUSH,0,ANGLE COLLISION - OTHER,ANGLE,STRAIGHT & LEVEL,DAYLIGHT,2018,Before
279,24272387,HARDIN,US0031W,,DIXIE,AVE,37.71731265,-85.87841804,18.745,11/16/2018,1255,2,2,0,0,CLEAR,DRY,0,REAR END IN TRAFFIC LANES BOTH VEHICLES MOVING,REAR END,STRAIGHT & LEVEL,DAYLIGHT,2018,Before
280,24320877,HARDIN,US0031W,,DIXIE,AVE,37.71794445,-85.87888523,18.722,11/4/2018,1529,2,2,0,0,CLOUDY,DRY,0,OPPOSING LEFT TURN,OPPOSING LEFT TURN,STRAIGHT & LEVEL,DAYLIGHT,2018,Before
282,24181883,HARDIN,US0031W,,DIXIE,AVE,37.70493373,-85.87179442,17.724,10/29/2018,1120,3,3,0,0,CLEAR,DRY,0,OTHER ROADWAY OR MID-BLOCK COLLISION,REAR END,STRAIGHT & LEVEL,DAYLIGHT,2018,Before
284,24168200,HARDIN,US0031W,,DIXIE,AVE,37.71563287,-85.87770172,18.547,10/26/2018,1436,2,2,0,0,RAINING,WET,0,OTHER ROADWAY OR MID-BLOCK COLLISION,REAR END,STRAIGHT & LEVEL,DAYLIGHT,2018,Before
285,24131557,HARDIN,US0031W,,DIXIE,AVE,37.71544998,-85.87758621,18.533,10/17/2018,1626,2,2,0,0,CLEAR,DRY,0,SIDESWIPE COLLISION - SAME DIRECTION,SIDESWIPE-SAME DIRECTION,STRAIGHT & LEVEL,DAYLIGHT,2018,Before
288,24089904,HARDIN,US0031W,,DIXIE,AVE,37.7087509,-85.87428763,18.035,10/5/2018,1421,2,2,0,0,CLEAR,DRY,0,OTHER INTERSECTION COLLISIONS,REAR END,STRAIGHT & GRADE,DAYLIGHT,2018,Before
289,24075627,HARDIN,US0031W,,DIXIE,AVE,37.71681587,-85.87862132,18.642,9/27/2018,1543,2,2,0,0,RAINING,WET,0,SIDESWIPE COLLISION - SAME DIRECTION,SIDESWIPE-SAME DIRECTION,STRAIGHT & LEVEL,DAYLIGHT,2018,Before
290,24075672,HARDIN,US0031W,1111,DIXIE,AVE,37.71360568,-85.87675608,18.394,9/22/2018,2002,2,2,0,0,RAINING,WET,0,OTHER INTERSECTION COLLISIONS,REAR END,STRAIGHT & LEVEL,DARK-HWY LIGHTED/ON,2018,Before
291,24110016,HARDIN,US0031W,,DIXIE,AVE,37.7088246,-85.87401176,18.032,9/21/2018,1717,2,1,0,1,CLOUDY,WET,0,HEAD-ON COLLISION,HEAD ON,STRAIGHT & LEVEL,DAYLIGHT,2018,Before
292,23999236,HARDIN,US0031W,,DIXIE,AVE,37.71553004,-85.87766016,18.539,9/14/2018,1326,2,2,0,1,CLEAR,DRY,0,1 VEHICLE ENTERING/LEAVING ENTRANCE,ANGLE,STRAIGHT & LEVEL,DAYLIGHT,2018,Before
293,32127476,HARDIN,US0031W,,DIXIE,AVE,37.70424595,-85.87120456,17.677,9/13/2018,1928,2,1,0,0,CLEAR,DRY,0,ANGLE COLLISION - OTHER,ANGLE,STRAIGHT & LEVEL,DAYLIGHT,2018,Before
294,23957201,HARDIN,US0031W,,DIXIE,AVE,37.70849772,-85.87378696,18.004,9/6/2018,1248,2,2,0,0,CLOUDY,WET,0,OTHER ROADWAY OR MID-BLOCK COLLISION,REAR END,STRAIGHT & GRADE,DAYLIGHT,2018,Before
295,23876347,HARDIN,US0031W,,DIXIE,AVE,37.71431931,-85.87707436,18.449,8/25/2018,1150,2,2,0,0,CLEAR,DRY,0,OTHER ROADWAY OR MID-BLOCK COLLISION,REAR END,STRAIGHT & LEVEL,DAYLIGHT,2018,Before
296,23850835,HARDIN,US0031W,,DIXIE,AVE,37.71021671,-85.87528535,18.149,8/17/2018,2230,2,2,0,0,CLEAR,DRY,0,SIDESWIPE COLLISION - SAME DIRECTION,SIDESWIPE-SAME DIRECTION,STRAIGHT & LEVEL,DARK-HWY LIGHTED/ON,2018,Before
297,23829361,HARDIN,US0031W,,DIXIE,AVE,37.70875611,-85.87393327,18.025,8/11/2018,1830,2,2,0,0,CLEAR,DRY,0,REAR END IN TRAFFIC LANES BOTH VEHICLES MOVING,REAR END,STRAIGHT & LEVEL,DAYLIGHT,2018,Before
298,23874923,HARDIN,US0031W,,DIXIE,AVE,37.71730989,-85.87855155,18.673,8/6/2018,1452,2,2,0,2,CLEAR,DRY,0,1 VEHICLE ENTERING/LEAVING ENTRANCE,ANGLE,STRAIGHT & LEVEL,DAYLIGHT,2018,Before
299,23874940,HARDIN,US0031W,,DIXIE,AVE,37.71496618,-85.87768412,18.503,8/6/2018,1938,2,2,0,0,CLEAR,DRY,0,1 VEHICLE ENTERING/LEAVING ENTRANCE,ANGLE,STRAIGHT & LEVEL,DAYLIGHT,2018,Before
300,23769030,HARDIN,US0031W,,DIXIE,AVE,37.71544964,-85.87789888,18.539,8/2/2018,1436,2,2,0,0,CLEAR,DRY,0,REAR END IN TRAFFIC LANES BOTH VEHICLES MOVING,REAR END,STRAIGHT & LEVEL,DAYLIGHT,2018,Before
301,23978965,HARDIN,US0031W,,DIXIE,AVE,37.71854047,-85.87903198,18.76,8/1/2018,1544,2,2,0,0,CLEAR,DRY,0,SIDESWIPE COLLISION - SAME DIRECTION,SIDESWIPE-SAME DIRECTION,STRAIGHT & LEVEL,DAYLIGHT,2018,Before
302,23763139,HARDIN,US0031W,,DIXIE,AVE,37.71317909,-85.87658675,18.365,7/23/2018,1259,2,2,0,0,CLOUDY,DRY,0,SIDESWIPE COLLISION - SAME DIRECTION,SIDESWIPE-SAME DIRECTION,STRAIGHT & LEVEL,DAYLIGHT,2018,Before
303,24017083,HARDIN,US0031W,,DIXIE,AVE,37.71634876,-85.87840401,18.607,7/19/2018,1454,3,3,0,1,CLEAR,DRY,0,REAR END IN TRAFFIC LANES BOTH VEHICLES MOVING,REAR END,STRAIGHT & LEVEL,DAYLIGHT,2018,Before
304,32127364,HARDIN,US0031W,,DIXIE,AVE,37.71311618,-85.87646799,18.359,7/14/2018,1912,2,1,0,0,CLEAR,DRY,0,1 VEHICLE ENTERING/LEAVING ENTRANCE,ANGLE,STRAIGHT & LEVEL,DAYLIGHT,2018,Before
305,23655339,HARDIN,US0031W,,DIXIE,AVE,37.7078402,-85.87358224,17.945,7/6/2018,1335,2,2,0,0,CLEAR,DRY,0,OTHER ROADWAY OR MID-BLOCK COLLISION,REAR END,STRAIGHT & LEVEL,DAYLIGHT,2018,Before
306,23655341,HARDIN,US0031W,,DIXIE,AVE,37.71915252,-85.87975299,18.818,7/6/2018,1257,2,2,0,0,CLEAR,DRY,0,ANGLE COLLISION - ONE VEHICLE TURNING LEFT,ANGLE,STRAIGHT & LEVEL,DAYLIGHT,2018,Before
307,23649383,HARDIN,US0031W,,DIXIE,AVE,37.70429037,-85.87122344,17.68,7/4/2018,0949,2,2,0,0,CLEAR,DRY,0,1 VEHICLE ENTERING/LEAVING ENTRANCE,ANGLE,STRAIGHT & GRADE,DAYLIGHT,2018,Before
308,23676774,HARDIN,US0031W,,DIXIE,AVE,37.70437915,-85.8714048,17.689,6/27/2018,1246,2,2,0,0,RAINING,WET,0,REAR END IN TRAFFIC LANES BOTH VEHICLES MOVING,REAR END,STRAIGHT & LEVEL,DAYLIGHT,2018,Before
309,23614020,HARDIN,US0031W,,DIXIE,AVE,37.70858511,-85.87372015,18.007,6/26/2018,1922,2,2,0,0,CLEAR,DRY,0,ANGLE COLLISION - OTHER,ANGLE,STRAIGHT & GRADE,DAYLIGHT,2018,Before
311,23609352,HARDIN,US0031W,,DIXIE,AVE,37.70779998,-85.87328495,17.944,6/25/2018,0957,2,2,0,0,RAINING,WET,0,OTHER ROADWAY OR MID-BLOCK COLLISION,REAR END,STRAIGHT & LEVEL,DAYLIGHT,2018,Before
312,23598921,HARDIN,US0031W,,DIXIE,AVE,37.71566492,-85.87772353,18.549,6/22/2018,1156,2,2,0,1,CLOUDY,DRY,0,1 VEHICLE ENTERING/LEAVING ENTRANCE,ANGLE,STRAIGHT & LEVEL,DAYLIGHT,2018,Before
314,23595546,HARDIN,US0031W,,DIXIE,AVE,37.70424586,-85.87120591,17.677,6/20/2018,1600,2,2,0,0,CLEAR,DRY,0,OPPOSING LEFT TURN,OPPOSING LEFT TURN,STRAIGHT & LEVEL,DAYLIGHT,2018,Before
317,23684554,HARDIN,US0031W,,DIXIE,AVE,37.70893507,-85.87409628,18.041,6/8/2018,1109,2,2,0,0,CLEAR,DRY,0,SIDESWIPE COLLISION - SAME DIRECTION,SIDESWIPE-SAME DIRECTION,STRAIGHT & LEVEL,DAYLIGHT,2018,Before
318,23537783,HARDIN,US0031W,,DIXIE,AVE,37.71794787,-85.87887088,18.721,6/7/2018,2143,2,2,0,0,CLEAR,DRY,0,ANGLE COLLISION - OTHER,ANGLE,STRAIGHT & LEVEL,DARK-HWY LIGHTED/ON,2018,Before
320,23472355,HARDIN,US0031W,,DIXIE,AVE,37.70789998,-85.87363041,17.951,5/23/2018,1715,3,3,0,0,CLEAR,DRY,0,REAR END IN TRAFFIC LANES BOTH VEHICLES MOVING,REAR END,STRAIGHT & LEVEL,DAYLIGHT,2018,Before
322,23362443,HARDIN,US0031W,,DIXIE,AVE,37.71915679,-85.87973802,18.817,4/30/2018,1558,2,2,0,0,CLEAR,DRY,0,ANGLE COLLISION - ONE VEHICLE TURNING LEFT,ANGLE,STRAIGHT & LEVEL,DAYLIGHT,2018,Before
323,27210703,HARDIN,US0031W,,DIXIE,AVE,37.7042672,-85.87124234,17.679,4/30/2018,1457,2,1,0,0,CLEAR,DRY,0,REAR END IN TRAFFIC LANES BOTH VEHICLES MOVING,REAR END,STRAIGHT & LEVEL,DAYLIGHT,2018,Before
324,23362437,HARDIN,US0031W,,DIXIE,AVE,37.71795118,-85.8788776,18.721,4/28/2018,2138,2,2,0,0,CLEAR,DRY,0,ANGLE COLLISION - OTHER,ANGLE,STRAIGHT & LEVEL,DARK-HWY LIGHTED/ON,2018,Before
325,23451979,HARDIN,US0031W,,DIXIE,AVE,37.70985861,-85.87500604,18.12,4/27/2018,1731,2,2,0,0,CLEAR,DRY,0,OTHER ROADWAY OR MID-BLOCK COLLISION,REAR END,STRAIGHT & LEVEL,DAYLIGHT,2018,Before
326,23362420,HARDIN,US0031W,,DIXIE,AVE,37.71667161,-85.87821366,18.625,4/23/2018,1119,1,1,0,0,RAINING,WET,0,COLLISION WITH FIXED OBJECT NON - INTERSECTION - FIRST EVENT COLLISION 09 - 32 EXCLUDING 16,SINGLE VEHICLE,STRAIGHT & GRADE,DAYLIGHT,2018,Before
327,23356601,HARDIN,US0031W,,DIXIE,AVE,37.71275653,-85.87657577,18.338,4/22/2018,1416,2,2,0,0,CLEAR,DRY,0,OPPOSING LEFT TURN,OPPOSING LEFT TURN,STRAIGHT & LEVEL,DAYLIGHT,2018,Before
329,23323920,HARDIN,US0031W,,DIXIE,AVE,37.71279368,-85.87649982,18.273,4/17/2018,1200,3,3,0,1,CLEAR,DRY,0,ANGLE COLLISION - OTHER,ANGLE,STRAIGHT & LEVEL,DAYLIGHT,2018,Before
333,23343347,HARDIN,US0031W,,DIXIE,AVE,37.71626993,-85.87833591,18.601,4/4/2018,1602,2,2,0,2,CLEAR,DRY,0,1 VEHICLE ENTERING/LEAVING ENTRANCE,ANGLE,STRAIGHT & LEVEL,DAYLIGHT,2018,Before
336,23204339,HARDIN,US0031W,,DIXIE,AVE,37.71275874,-85.87657628,18.338,4/2/2018,1208,3,3,0,0,CLOUDY,DRY,0,ANGLE COLLISION - OTHER,ANGLE,STRAIGHT & LEVEL,DAYLIGHT,2018,Before
337,23451958,HARDIN,US0031W,,DIXIE,AVE,37.70426004,-85.87124093,17.679,3/29/2018,0716,2,2,0,0,RAINING,WET,0,ANGLE COLLISION - OTHER,ANGLE,STRAIGHT & LEVEL,DARK-HWY LIGHTED/ON,2018,Before
338,23178116,HARDIN,US0031W,,DIXIE,AVE,37.71275098,-85.87659002,18.337,3/28/2018,0618,2,2,0,0,RAINING,WET,0,ANGLE COLLISION - OTHER,ANGLE,STRAIGHT & LEVEL,DARK-HWY LIGHTED/ON,2018,Before
339,23215819,HARDIN,US0031W,,DIXIE,AVE,37.70873698,-85.87423362,18.032,3/28/2018,1827,3,3,0,1,RAINING,WET,0,ANGLE COLLISION - OTHER,ANGLE,STRAIGHT & LEVEL,DAYLIGHT,2018,Before
340,24181858,HARDIN,US0031W,,DIXIE,AVE,37.70857622,-85.87412791,18.017,3/22/2018,1451,2,2,0,0,CLEAR,DRY,0,SIDESWIPE COLLISION - SAME DIRECTION,SIDESWIPE-SAME DIRECTION,STRAIGHT & LEVEL,DAYLIGHT,2018,Before
341,23154169,HARDIN,US0031W,,DIXIE,AVE,37.70424312,-85.87120954,17.677,3/19/2018,1834,2,2,0,0,RAINING,WET,0,ANGLE COLLISION - OTHER,ANGLE,STRAIGHT & LEVEL,DAYLIGHT,2018,Before
342,23138350,HARDIN,US0031W,,DIXIE,AVE,37.71081545,-85.87528553,18.302,3/13/2018,1550,2,2,0,0,CLEAR,DRY,0,REAR END IN TRAFFIC LANES BOTH VEHICLES MOVING,REAR END,STRAIGHT & LEVEL,DAYLIGHT,2018,Before
343,23083808,HARDIN,US0031W,,DIXIE,AVE,37.71791653,-85.87897298,18.713,3/13/2018,1628,2,2,0,4,CLEAR,DRY,0,ANGLE COLLISION - OTHER,ANGLE,STRAIGHT & LEVEL,DAYLIGHT,2018,Before
344,23076569,HARDIN,US0031W,,DIXIE,AVE,37.70506524,-85.87185761,17.732,3/12/2018,1714,2,2,0,0,CLOUDY,DRY,0,OTHER ROADWAY OR MID-BLOCK COLLISION,REAR END,STRAIGHT & LEVEL,DAYLIGHT,2018,Before
345,23027131,HARDIN,US0031W,,DIXIE,AVE,37.71825907,-85.8790228,18.743,3/4/2018,1333,2,2,0,0,CLEAR,DRY,0,REAR END IN TRAFFIC LANES BOTH VEHICLES MOVING,REAR END,STRAIGHT & LEVEL,DAYLIGHT,2018,Before
346,23018801,HARDIN,US0031W,,DIXIE,AVE,37.71146234,-85.87556812,18.234,3/2/2018,1730,2,2,0,0,CLEAR,DRY,0,SIDESWIPE COLLISION - SAME DIRECTION,SIDESWIPE-SAME DIRECTION,STRAIGHT & LEVEL,DAYLIGHT,2018,Before
348,23018795,HARDIN,US0031W,,DIXIE,AVE,37.70882778,-85.87399892,18.031,2/28/2018,1626,2,2,0,1,CLEAR,DRY,0,ANGLE COLLISION - OTHER,ANGLE,STRAIGHT & GRADE,DAYLIGHT,2018,Before
352,22893100,HARDIN,US0031W,,DIXIE,AVE,37.7128229,-85.8763031,18.336,2/8/2018,1108,2,2,0,1,CLEAR,DRY,0,,ANGLE,STRAIGHT & LEVEL,DAYLIGHT,2018,Before
353,22860256,HARDIN,US0031W,,DIXIE,AVE,37.71553474,-85.87766651,18.54,2/5/2018,2004,2,2,0,0,CLEAR,DRY,0,REAR END IN TRAFFIC LANES BOTH VEHICLES MOVING,REAR END,STRAIGHT & LEVEL,DARK-HWY LIGHTED/ON,2018,Before
354,22840721,HARDIN,US0031W,,DIXIE,AVE,37.7058016,-85.87223981,17.777,2/1/2018,1245,2,2,0,0,CLEAR,DRY,0,REAR END IN TRAFFIC LANES BOTH VEHICLES MOVING,REAR END,STRAIGHT & LEVEL,DAYLIGHT,2018,Before
355,22846501,HARDIN,US0031W,,DIXIE,AVE,37.70882898,-85.87401206,18.032,1/28/2018,2024,2,2,0,3,CLOUDY,DRY,0,ANGLE COLLISION - OTHER,ANGLE,STRAIGHT & LEVEL,DARK-HWY LIGHTED/ON,2018,Before
356,22846500,HARDIN,US0031W,,DIXIE,AVE,37.71735442,-85.87884906,18.682,1/27/2018,1425,2,2,0,0,RAINING,WET,0,1 VEHICLE ENTERING/LEAVING ENTRANCE,ANGLE,STRAIGHT & LEVEL,DAYLIGHT,2018,Before
357,22725582,HARDIN,US0031W,,DIXIE,AVE,37.70883068,-85.87401207,18.032,1/11/2018,1421,2,2,0,0,CLEAR,DRY,0,OPPOSING LEFT TURN,OPPOSING LEFT TURN,STRAIGHT & LEVEL,DAYLIGHT,2018,Before
358,22720779,HARDIN,US0031W,,DIXIE,AVE,37.71878582,-85.87924761,18.779,1/11/2018,1719,2,2,0,2,CLEAR,DRY,0,REAR END IN TRAFFIC LANES BOTH VEHICLES MOVING,REAR END,STRAIGHT & LEVEL,DAYLIGHT,2018,Before
359,22840726,HARDIN,US0031W,,DIXIE,AVE,37.71882637,-85.87934401,18.783,1/11/2018,1722,2,2,0,1,CLOUDY,WET,0,REAR END IN TRAFFIC LANES BOTH VEHICLES MOVING,REAR END,STRAIGHT & LEVEL,DAYLIGHT,2018,Before
361,22771574,HARDIN,US0031W,,DIXIE,AVE,37.70861798,-85.87387693,18.015,1/9/2018,0958,2,2,0,0,CLOUDY,WET,0,1 VEHICLE ENTERING/LEAVING ENTRANCE,ANGLE,STRAIGHT & LEVEL,DAYLIGHT,2018,Before
362,22771612,HARDIN,US0031W,,DIXIE,AVE,37.7042458,-85.87124997,17.679,1/1/2018,1549,2,2,0,0,CLEAR,DRY,0,OPPOSING LEFT TURN,OPPOSING LEFT TURN,CURVE & LEVEL,DAYLIGHT,2018,Before
364,33740373,HARDIN,US0031W,,DIXIE,AVE,37.71237513,-85.87608593,18.3,8/28/2024,1433,2,2,0,0,CLEAR,DRY,0,REAR END - ONE VEHICLE TURNING RIGHT,REAR END,STRAIGHT & LEVEL,DAYLIGHT,2024,After
366,33736445,HARDIN,US0031W,,DIXIE,AVE,37.71954887,-85.8796179,18.807,8/10/2024,1118,2,2,0,0,CLEAR,DRY,0,OTHER INTERSECTION COLLISIONS,REAR END,STRAIGHT & LEVEL,DAYLIGHT,2024,After
368,33577226,HARDIN,US0031W,,DIXIE,AVE,37.71280535,-85.87632165,18.336,7/23/2024,1637,2,2,0,0,CLOUDY,WET,0,REAR END IN TRAFFIC LANES BOTH VEHICLES MOVING,REAR END,STRAIGHT & LEVEL,DAYLIGHT,2024,After
369,33493561,HARDIN,US0031W,,DIXIE,AVE,37.70922388,-85.87456579,18.07,7/8/2024,1610,2,2,0,0,CLEAR,DRY,0,OTHER ROADWAY OR MID-BLOCK COLLISION,REAR END,STRAIGHT & LEVEL,DAYLIGHT,2024,After
370,33481795,HARDIN,US0031W,,DIXIE,AVE,37.70469113,-85.87162724,17.709,7/1/2024,1221,2,2,0,0,CLEAR,DRY,1,REAR END IN TRAFFIC LANES BOTH VEHICLES MOVING,REAR END,STRAIGHT & LEVEL,DAYLIGHT,2024,After
371,33481801,HARDIN,US0031W,,DIXIE,AVE,37.70427748,-85.87127889,17.681,6/27/2024,1044,2,2,0,0,CLEAR,DRY,0,REAR END IN TRAFFIC LANES BOTH VEHICLES MOVING,REAR END,STRAIGHT & LEVEL,DAYLIGHT,2024,After
372,33479776,HARDIN,US0031W,,DIXIE,AVE,37.71928397,-85.879819,18.806,6/26/2024,1450,2,2,0,0,CLEAR,DRY,0,ANGLE COLLISION - ONE VEHICLE TURNING LEFT,ANGLE,STRAIGHT & LEVEL,DAYLIGHT,2024,After
373,33479770,HARDIN,US0031W,,DIXIE,AVE,37.71861746,-85.87949042,18.779,6/14/2024,1655,2,2,0,0,CLEAR,DRY,0,REAR END IN TRAFFIC LANES BOTH VEHICLES MOVING,REAR END,CURVE & LEVEL,DAYLIGHT,2024,After
376,33756496,HARDIN,US0031W,,DIXIE,AVE,37.71151853,-85.87566021,18.239,6/5/2024,1105,2,2,0,0,CLEAR,DRY,1,SIDESWIPE COLLISION - SAME DIRECTION,SIDESWIPE-SAME DIRECTION,STRAIGHT & LEVEL,DAYLIGHT,2024,After
378,33367386,HARDIN,US0031W,,DIXIE,AVE,37.704332,-85.87134475,17.685,5/30/2024,0755,2,2,0,0,CLEAR,DRY,0,OTHER ROADWAY OR MID-BLOCK COLLISION,REAR END,STRAIGHT & GRADE,DAYLIGHT,2024,After
381,33597368,HARDIN,US0031W,,DIXIE,AVE,37.71926787,-85.87967635,18.811,5/28/2024,1242,2,2,0,0,CLEAR,DRY,1,OTHER INTERSECTION COLLISIONS,REAR END,STRAIGHT & LEVEL,DAYLIGHT,2024,After
382,33450445,HARDIN,US0031W,,DIXIE,AVE,37.70913396,-85.87455015,18.065,5/28/2024,1753,2,1,0,0,CLEAR,DRY,0,REAR END IN TRAFFIC LANES BOTH VEHICLES MOVING,REAR END,STRAIGHT & LEVEL,DAYLIGHT,2024,After
384,33300269,HARDIN,US0031W,,DIXIE,AVE,37.7133192,-85.87658091,18.326,5/16/2024,1558,2,2,0,0,CLEAR,DRY,0,REAR END IN TRAFFIC LANES BOTH VEHICLES MOVING,REAR END,STRAIGHT & LEVEL,DAYLIGHT,2024,After
385,33597364,HARDIN,US0031W,,DIXIE,AVE,37.71737224,-85.87908361,18.686,5/15/2024,0012,2,2,0,0,CLOUDY,WET,1,SIDESWIPE COLLISION - SAME DIRECTION,SIDESWIPE-SAME DIRECTION,STRAIGHT & LEVEL,DARK-HWY NOT LIGHTED,2024,After
386,33202306,HARDIN,US0031W,,DIXIE,AVE,37.70892483,-85.87434221,18.047,4/24/2024,1202,2,2,0,0,CLEAR,DRY,0,OTHER INTERSECTION COLLISIONS,REAR END,STRAIGHT & LEVEL,DAYLIGHT,2024,After
387,33202261,HARDIN,US0031W,,DIXIE,AVE,37.70892816,-85.87427781,18.046,4/13/2024,1128,2,2,0,1,CLEAR,DRY,0,OTHER INTERSECTION COLLISIONS,REAR END,STRAIGHT & LEVEL,DAYLIGHT,2024,After
388,33326476,HARDIN,US0031W,,DIXIE,AVE,37.70875939,-85.87422244,18.034,4/12/2024,1510,4,1,0,0,CLEAR,DRY,1,OTHER INTERSECTION COLLISIONS,REAR END,STRAIGHT & LEVEL,DAYLIGHT,2024,After
389,33597426,HARDIN,US0031W,,DIXIE,AVE,37.70878835,-85.87399638,18.029,4/11/2024,1659,2,2,0,0,CLOUDY,WET,0,OTHER INTERSECTION COLLISIONS,REAR END,STRAIGHT & LEVEL,DAYLIGHT,2024,After
390,33052671,HARDIN,US0031W,,DIXIE,AVE,37.71253595,-85.87634098,18.319,3/4/2024,0415,2,2,0,0,CLEAR,DRY,1,1 VEHICLE ENTERING/LEAVING ENTRANCE,ANGLE,STRAIGHT & LEVEL,DARK-HWY LIGHTED/ON,2024,After
393,32907871,HARDIN,US0031W,,DIXIE,AVE,37.70434378,-85.87137621,17.688,2/20/2024,1815,2,2,0,0,CLEAR,DRY,0,REAR END IN TRAFFIC LANES BOTH VEHICLES MOVING,REAR END,STRAIGHT & LEVEL,DARK-HWY LIGHTED/ON,2024,After
394,32871160,HARDIN,US0031W,,DIXIE,AVE,37.71861282,-85.8792626,18.769,2/15/2024,1729,2,2,0,0,CLEAR,DRY,0,SIDESWIPE COLLISION - SAME DIRECTION,SIDESWIPE-SAME DIRECTION,STRAIGHT & LEVEL,DAYLIGHT,2024,After
395,32878212,HARDIN,US0031W,,DIXIE,AVE,37.71050025,-85.87539343,18.169,2/15/2024,0931,2,2,0,0,CLEAR,DRY,0,SIDESWIPE COLLISION - SAME DIRECTION,SIDESWIPE-SAME DIRECTION,STRAIGHT & LEVEL,DAYLIGHT,2024,After
397,32891520,HARDIN,US0031W,,DIXIE,AVE,37.70488745,-85.87176255,17.721,2/13/2024,1703,2,2,0,0,CLEAR,DRY,0,SIDESWIPE COLLISION - SAME DIRECTION,SIDESWIPE-SAME DIRECTION,STRAIGHT & LEVEL,DAYLIGHT,2024,After
399,32891467,HARDIN,US0031W,,DIXIE,AVE,37.71803539,-85.87884891,18.727,2/9/2024,1548,2,2,0,0,CLOUDY,DRY,0,REAR END IN TRAFFIC LANES BOTH VEHICLES MOVING,REAR END,STRAIGHT & LEVEL,DAYLIGHT,2024,After
400,32891519,HARDIN,US0031W,,DIXIE,AVE,37.70449513,-85.871489,17.696,2/7/2024,1651,2,2,0,0,CLEAR,DRY,0,SIDESWIPE COLLISION - SAME DIRECTION,SIDESWIPE-SAME DIRECTION,STRAIGHT & LEVEL,DAYLIGHT,2024,After
401,32907861,HARDIN,US0031W,,DIXIE,AVE,37.70977235,-85.87494883,18.114,2/6/2024,1639,2,2,0,0,CLEAR,DRY,0,1 VEHICLE ENTERING/LEAVING ENTRANCE,ANGLE,STRAIGHT & LEVEL,DAYLIGHT,2024,After
402,32823801,HARDIN,US0031W,,DIXIE,AVE,37.70883508,-85.87421605,18.021,2/6/2024,1235,2,2,0,2,CLOUDY,DRY,0,ANGLE COLLISION - ONE VEHICLE TURNING LEFT,ANGLE,STRAIGHT & LEVEL,DAYLIGHT,2024,After
403,32837899,HARDIN,US0031W,,DIXIE,AVE,37.70877659,-85.87429532,18.037,2/1/2024,1702,2,2,0,0,CLEAR,DRY,0,REAR END IN TRAFFIC LANES BOTH VEHICLES MOVING,REAR END,STRAIGHT & LEVEL,DAYLIGHT,2024,After
404,33740126,HARDIN,US0031W,1112,DIXIE,AVE,37.7180569,-85.87918796,18.709,1/24/2024,1758,2,2,0,0,RAINING,WET,0,1 VEHICLE PARKED POSITION (NOT PARKING LOT/DRIVEWAY),BACKING,STRAIGHT & LEVEL,DARK-HWY NOT LIGHTED,2024,After
405,33070521,HARDIN,US0031W,,DIXIE,AVE,37.70425023,-85.8712087,17.677,1/22/2024,1539,3,3,0,1,CLEAR,DRY,0,ANGLE COLLISION - OTHER,ANGLE,STRAIGHT & LEVEL,DAYLIGHT,2024,After
406,32742381,HARDIN,US0031W,,DIXIE,AVE,37.70855369,-85.87382145,18.009,1/18/2024,1002,2,2,0,0,CLEAR,DRY,0,SIDESWIPE COLLISION - SAME DIRECTION,SIDESWIPE-SAME DIRECTION,STRAIGHT & LEVEL,DAYLIGHT,2024,After
408,32692233,HARDIN,US0031W,,DIXIE,AVE,37.71931893,-85.87954654,18.817,1/5/2024,1213,2,2,0,0,CLEAR,DRY,0,OTHER INTERSECTION COLLISIONS,REAR END,STRAIGHT & LEVEL,DAYLIGHT,2024,After
410,32697499,HARDIN,US0031W,,DIXIE,AVE,37.71916551,-85.87946872,18.806,12/24/2023,1851,2,1,0,1,CLOUDY,DRY,0,OTHER ROADWAY OR MID-BLOCK COLLISION,REAR END,STRAIGHT & LEVEL,DARK-HWY LIGHTED/ON,2023,After
411,32648122,HARDIN,US0031W,,DIXIE,AVE,37.70894157,-85.87436879,18.048,12/15/2023,1241,2,2,0,0,CLEAR,DRY,0,SIDESWIPE COLLISION - SAME DIRECTION,SIDESWIPE-SAME DIRECTION,STRAIGHT & LEVEL,DAYLIGHT,2023,After
413,32534923,HARDIN,US0031W,,DIXIE,AVE,37.70517116,-85.87187267,17.737,12/2/2023,1228,2,2,0,0,CLEAR,DRY,0,1 VEHICLE ENTERING/LEAVING ENTRANCE,ANGLE,STRAIGHT & LEVEL,DAYLIGHT,2023,After
414,32566155,HARDIN,US0031W,,DIXIE,AVE,37.70880744,-85.8739807,18.03,12/2/2023,1050,2,2,0,0,CLOUDY,DRY,0,SIDESWIPE-SAME DIRECTION,SIDESWIPE-SAME DIRECTION,STRAIGHT & LEVEL,DAYLIGHT,2023,After
418,32512812,HARDIN,US0031W,,DIXIE,AVE,37.70422611,-85.87131454,17.683,11/4/2023,1957,2,1,0,0,CLEAR,DRY,1,OPPOSING LEFT TURN,OPPOSING LEFT TURN,STRAIGHT & LEVEL,DARK-HWY LIGHTED/ON,2023,After
419,32446853,HARDIN,US0031W,,DIXIE,AVE,37.70872811,-85.87385552,18.02,11/1/2023,1302,2,2,0,0,CLEAR,DRY,0,OTHER INTERSECTION COLLISIONS,REAR END,STRAIGHT & LEVEL,DAYLIGHT,2023,After
422,32406253,HARDIN,US0031W,,DIXIE,AVE,37.70882542,-85.87401138,18.032,10/28/2023,1256,2,2,0,0,CLOUDY,DRY,0,ANGLE COLLISION - OTHER,ANGLE,STRAIGHT & LEVEL,DARK-HWY LIGHTED/ON,2023,After
423,32446852,HARDIN,US0031W,,DIXIE,AVE,37.71076558,-85.87543093,18.187,10/27/2023,1748,2,2,0,0,CLOUDY,DRY,0,REAR END IN TRAFFIC LANES BOTH VEHICLES MOVING,REAR END,STRAIGHT & LEVEL,DAYLIGHT,2023,After
424,32377841,HARDIN,US0031W,,DIXIE,AVE,37.71781652,-85.87907011,18.716,10/21/2023,1352,2,2,0,0,CLEAR,DRY,1,OTHER INTERSECTION COLLISIONS,REAR END,STRAIGHT & LEVEL,DAYLIGHT,2023,After
426,32335083,HARDIN,US0031W,,DIXIE,AVE,37.71757823,-85.87866451,18.693,10/9/2023,1231,2,2,0,0,CLEAR,DRY,0,1 VEHICLE ENTERING/LEAVING ENTRANCE,ANGLE,STRAIGHT & LEVEL,DAYLIGHT,2023,After
427,32281352,HARDIN,US0031W,,DIXIE,AVE,37.7127907,-85.87662426,18.335,9/27/2023,0801,2,2,0,1,CLEAR,DRY,0,1 VEHICLE ENTERING/LEAVING ENTRANCE,ANGLE,STRAIGHT & LEVEL,DAYLIGHT,2023,After
428,32356842,HARDIN,US0031W,,DIXIE,AVE,37.70719698,-85.87312527,17.884,9/20/2023,2005,2,2,0,0,CLOUDY,DRY,0,OTHER INTERSECTION COLLISIONS,REAR END,STRAIGHT & LEVEL,DARK-HWY LIGHTED/ON,2023,After
429,32281386,HARDIN,US0031W,,DIXIE,AVE,37.70438851,-85.87141689,17.689,9/20/2023,0943,2,2,0,0,CLEAR,DRY,0,OTHER ROADWAY OR MID-BLOCK COLLISION,REAR END,STRAIGHT & LEVEL,DAYLIGHT,2023,After
430,32367358,HARDIN,US0031W,,DIXIE,AVE,37.70879804,-85.87428971,18.031,9/17/2023,1707,2,2,0,0,CLEAR,DRY,0,VEHICLE BACKING NON INTERSECTION,BACKING,STRAIGHT & LEVEL,DAYLIGHT,2023,After
433,32367301,HARDIN,US0031W,,DIXIE,AVE,37.70438991,-85.87141316,17.689,9/15/2023,1118,2,2,0,0,CLEAR,DRY,0,SIDESWIPE COLLISION - SAME DIRECTION,SIDESWIPE-SAME DIRECTION,STRAIGHT & LEVEL,DAYLIGHT,2023,After
436,32180984,HARDIN,US0031W,,DIXIE,AVE,37.70888212,-85.87403705,18.018,9/8/2023,1502,3,3,0,0,CLEAR,DRY,0,ANGLE COLLISION - OTHER,ANGLE,STRAIGHT & LEVEL,DAYLIGHT,2023,After
437,32181013,HARDIN,US0031W,,DIXIE,AVE,37.70872292,-85.87392559,18.023,9/5/2023,1509,2,2,0,0,CLEAR,DRY,1,REAR END IN TRAFFIC LANES BOTH VEHICLES MOVING,REAR END,STRAIGHT & LEVEL,DAYLIGHT,2023,After
438,32127485,HARDIN,US0031W,,DIXIE,AVE,37.70904956,-85.87444163,18.057,8/3/2023,0855,2,1,0,0,RAINING,WET,0,REAR END IN TRAFFIC LANES BOTH VEHICLES MOVING,REAR END,STRAIGHT & LEVEL,DAYLIGHT,2023,After
441,31933853,HARDIN,US0031W,,DIXIE,AVE,37.71920439,-85.87949828,18.809,7/19/2023,1620,3,3,0,0,CLEAR,DRY,0,SIDESWIPE COLLISION - SAME DIRECTION,SIDESWIPE-SAME DIRECTION,STRAIGHT & LEVEL,DAYLIGHT,2023,After
442,31933870,HARDIN,US0031W,,DIXIE,AVE,37.71253826,-85.87644958,18.321,7/17/2023,1618,2,2,0,0,CLEAR,DRY,0,1 VEHICLE ENTERING/LEAVING ENTRANCE,ANGLE,STRAIGHT & LEVEL,DAYLIGHT,2023,After
444,31789370,HARDIN,US0031W,,DIXIE,AVE,37.70645769,-85.8726013,17.825,6/16/2023,1118,2,2,0,0,CLEAR,DRY,0,1 VEHICLE ENTERING/LEAVING ENTRANCE,ANGLE,STRAIGHT & LEVEL,DAYLIGHT,2023,After
445,31789351,HARDIN,US0031W,,DIXIE,AVE,37.71048316,-85.87542862,18.169,6/13/2023,0931,2,2,0,0,CLEAR,DRY,1,1 VEHICLE ENTERING/LEAVING ENTRANCE,ANGLE,STRAIGHT & LEVEL,DAYLIGHT,2023,After
446,31789298,HARDIN,US0031W,,DIXIE,AVE,37.71890557,-85.87933635,18.788,5/31/2023,1440,2,2,0,0,CLEAR,DRY,0,REAR END IN TRAFFIC LANES BOTH VEHICLES MOVING,REAR END,STRAIGHT & LEVEL,DAYLIGHT,2023,After
447,31679949,HARDIN,US0031W,,DIXIE,AVE,37.70459103,-85.87136992,17.702,5/23/2023,1219,2,2,0,0,CLEAR,DRY,0,SIDESWIPE COLLISION - SAME DIRECTION,SIDESWIPE-SAME DIRECTION,STRAIGHT & LEVEL,DAYLIGHT,2023,After
449,31641466,HARDIN,US0031W,,DIXIE,AVE,37.71320584,-85.87676437,18.326,5/15/2023,0921,2,2,0,0,CLEAR,DRY,0,OTHER ROADWAY OR MID-BLOCK COLLISION,REAR END,STRAIGHT & LEVEL,DAYLIGHT,2023,After
450,31789264,HARDIN,US0031W,,DIXIE,AVE,37.70906626,-85.87417646,18.051,5/11/2023,1249,2,2,0,0,CLEAR,DRY,0,REAR END IN TRAFFIC LANES BOTH VEHICLES MOVING,REAR END,STRAIGHT & LEVEL,DAYLIGHT,2023,After
452,31632116,HARDIN,US0031W,,DIXIE,AVE,37.7102657,-85.87498421,18.145,5/1/2023,1344,2,2,0,0,CLOUDY,DRY,0,REAR END IN TRAFFIC LANES BOTH VEHICLES MOVING,REAR END,STRAIGHT & LEVEL,DAYLIGHT,2023,After
454,31566739,HARDIN,US0031W,,DIXIE,AVE,37.71452885,-85.87712385,18.464,4/13/2023,1257,2,2,0,0,CLEAR,DRY,0,1 VEHICLE ENTERING/LEAVING ENTRANCE,ANGLE,STRAIGHT & LEVEL,DAYLIGHT,2023,After
455,31476069,HARDIN,US0031W,,DIXIE,AVE,37.70423098,-85.87119214,17.678,4/9/2023,1224,2,2,0,0,CLEAR,DRY,0,ANGLE COLLISION - OTHER,ANGLE,STRAIGHT & LEVEL,DAWN,2023,After
456,31484085,HARDIN,US0031W,,DIXIE,AVE,37.70877998,-85.87426691,18.029,4/5/2023,1905,2,2,0,0,CLOUDY,WET,0,OTHER INTERSECTION COLLISIONS,REAR END,STRAIGHT & LEVEL,DAYLIGHT,2023,After
459,31441954,HARDIN,US0031W,,DIXIE,AVE,37.7042413,-85.8711787,17.678,4/1/2023,1500,2,2,0,0,CLEAR,DRY,0,ANGLE COLLISION - OTHER,ANGLE,STRAIGHT & LEVEL,DAYLIGHT,2023,After
460,31444332,HARDIN,US0031W,,DIXIE,AVE,37.7123811,-85.87637929,18.295,3/26/2023,1455,2,2,0,0,CLEAR,DRY,0,REAR END IN TRAFFIC LANES BOTH VEHICLES MOVING,REAR END,STRAIGHT & GRADE,DAYLIGHT,2023,After
461,31415223,HARDIN,US0031W,,DIXIE,AVE,37.70443751,-85.8712213,17.69,3/25/2023,1953,2,2,0,2,CLEAR,DRY,0,ANGLE COLLISION - OTHER,ANGLE,STRAIGHT & LEVEL,DAYLIGHT,2023,After
462,31354094,HARDIN,US0031W,900,DIXIE,AVE,37.7048245,-85.87172559,17.717,3/7/2023,1419,2,2,0,0,CLEAR,DRY,0,SIDESWIPE COLLISION - SAME DIRECTION,SIDESWIPE-SAME DIRECTION,STRAIGHT & LEVEL,DAYLIGHT,2023,After
464,31294266,HARDIN,US0031W,1112,DIXIE,AVE,37.71784382,-85.87910734,18.718,2/20/2023,0907,2,2,0,0,RAINING,WET,0,1 VEHICLE ENTERING/LEAVING ENTRANCE,ANGLE,STRAIGHT & LEVEL,DAYLIGHT,2023,After
465,31317684,HARDIN,US0031W,,DIXIE,AVE,37.70967441,-85.87490263,18.106,1/15/2023,0759,1,1,0,0,CLEAR,DRY,1,COLLISION WITH FIXED OBJECT NON - INTERSECTION - FIRST EVENT COLLISION 09 - 32 EXCLUDING 16,SINGLE VEHICLE,STRAIGHT & LEVEL,DAYLIGHT,2023,After
466,31124469,HARDIN,US0031W,,DIXIE,AVE,37.70544584,-85.87209571,17.77,1/12/2023,1648,2,2,0,0,CLEAR,DRY,0,OTHER ROADWAY OR MID-BLOCK COLLISION,REAR END,STRAIGHT & GRADE,DAYLIGHT,2023,After
467,31124471,HARDIN,US0031W,,DIXIE,AVE,37.71031625,-85.87505705,18.15,1/3/2023,1552,2,2,0,0,CLEAR,DRY,1,SIDESWIPE COLLISION - SAME DIRECTION,SIDESWIPE-SAME DIRECTION,STRAIGHT & LEVEL,DAYLIGHT,2023,After
468,30963973,HARDIN,US0031W,,DIXIE,AVE,37.70887402,-85.87409808,18.038,12/19/2022,2148,2,2,0,0,CLOUDY,DRY,0,HEAD-ON COLLISION,HEAD ON,STRAIGHT & LEVEL,DARK-HWY LIGHTED/ON,2022,After
469,31223303,HARDIN,US0031W,,DIXIE,AVE,37.71055222,-85.87515248,18.167,12/9/2022,1152,2,2,0,0,CLOUDY,WET,1,REAR END IN TRAFFIC LANES BOTH VEHICLES MOVING,REAR END,STRAIGHT & LEVEL,DAYLIGHT,2022,After
